Region,Departement,COM_ARRT_VILLE,COMMUNE,QUARTIER_VILLAGE_HAMEAU
DAKAR,DAKAR,VILLE DE DAKAR,GOREE,MBAMBARA
DAKAR,DAKAR,VILLE DE DAKAR,GOREE,NDAW RAYON
DAKAR,DAKAR,VILLE DE DAKAR,GOREE,PONTY
DAKAR,DAKAR,VILLE DE DAKAR,GOREE,TONGHOR
DAKAR,DAKAR,VILLE DE DAKAR,PLATEAU,CITE CAP VERDIENNE
DAKAR,DAKAR,VILLE DE DAKAR,PLATEAU,DAROU SALAM I
DAKAR,DAKAR,VILLE DE DAKAR,PLATEAU,DIECKO
DAKAR,DAKAR,VILLE DE DAKAR,PLATEAU,DIECKO PLATEAU II
DAKAR,DAKAR,VILLE DE DAKAR,PLATEAU,GOUYE SALANE
DAKAR,DAKAR,VILLE DE DAKAR,PLATEAU,HOCK SANS FILS
DAKAR,DAKAR,VILLE DE DAKAR,PLATEAU,KAYES FINDIW
DAKAR,DAKAR,VILLE DE DAKAR,PLATEAU,KAYES GUEDJI
DAKAR,DAKAR,VILLE DE DAKAR,PLATEAU,LAMBINASSE
DAKAR,DAKAR,VILLE DE DAKAR,PLATEAU,MBOTTE
DAKAR,DAKAR,VILLE DE DAKAR,PLATEAU,NIAYES THIOKER
DAKAR,DAKAR,VILLE DE DAKAR,PLATEAU,PARC FOURRAGE
DAKAR,DAKAR,VILLE DE DAKAR,PLATEAU,PETERSEN
DAKAR,DAKAR,VILLE DE DAKAR,PLATEAU,REUBEUSS
DAKAR,DAKAR,VILLE DE DAKAR,PLATEAU,ROUKHOU DJINE
DAKAR,DAKAR,VILLE DE DAKAR,PLATEAU,SANDIAL
DAKAR,DAKAR,VILLE DE DAKAR,PLATEAU,THIEDEME
DAKAR,DAKAR,VILLE DE DAKAR,PLATEAU,YAKHA DIEUF
DAKAR,DAKAR,VILLE DE DAKAR,MEDINA,ABATTOIRS I
DAKAR,DAKAR,VILLE DE DAKAR,MEDINA,ABATTOIRS II
DAKAR,DAKAR,VILLE DE DAKAR,MEDINA,ABATTOIRS III
DAKAR,DAKAR,VILLE DE DAKAR,MEDINA,ABATTOIRS IV
DAKAR,DAKAR,VILLE DE DAKAR,MEDINA,ABATTOIRS V
DAKAR,DAKAR,VILLE DE DAKAR,MEDINA,BOULEVARD GENERAL DE GAULLE
DAKAR,DAKAR,VILLE DE DAKAR,MEDINA,DIECKO NORD I
DAKAR,DAKAR,VILLE DE DAKAR,MEDINA,DIECKO NORD II
DAKAR,DAKAR,VILLE DE DAKAR,MEDINA,DIECKO NORD PINTH
DAKAR,DAKAR,VILLE DE DAKAR,MEDINA,DIECKO PINTH
DAKAR,DAKAR,VILLE DE DAKAR,MEDINA,DIECKO SUD
DAKAR,DAKAR,VILLE DE DAKAR,MEDINA,GIGRALTAR I
DAKAR,DAKAR,VILLE DE DAKAR,MEDINA,GIGRALTAR II
DAKAR,DAKAR,VILLE DE DAKAR,MEDINA,GOUYE MARIAMA LAYENE
DAKAR,DAKAR,VILLE DE DAKAR,MEDINA,GOUYE MARIAMA PINTH
DAKAR,DAKAR,VILLE DE DAKAR,MEDINA,GOUYE SALANE II
DAKAR,DAKAR,VILLE DE DAKAR,MEDINA,GOUYE SALANE PINTH
DAKAR,DAKAR,VILLE DE DAKAR,MEDINA,GOUYE SALANE RUE XXXV
DAKAR,DAKAR,VILLE DE DAKAR,MEDINA,GOUYE SALANE RUE XXXXI
DAKAR,DAKAR,VILLE DE DAKAR,MEDINA,GOUYE SALANE SUD II
DAKAR,DAKAR,VILLE DE DAKAR,MEDINA,GOUYE SALANE VI
DAKAR,DAKAR,VILLE DE DAKAR,MEDINA,GOUYE TANN
DAKAR,DAKAR,VILLE DE DAKAR,MEDINA,KAYE OUSMANE DIENG
DAKAR,DAKAR,VILLE DE DAKAR,MEDINA,MBACKEUDEU
DAKAR,DAKAR,VILLE DE DAKAR,MEDINA,NGARAFF
DAKAR,DAKAR,VILLE DE DAKAR,MEDINA,NGARAFF PINTH
DAKAR,DAKAR,VILLE DE DAKAR,MEDINA,RASS MISSION
DAKAR,DAKAR,VILLE DE DAKAR,MEDINA,SANTHIABA PINTH
DAKAR,DAKAR,VILLE DE DAKAR,MEDINA,THIEURIGNE I
DAKAR,DAKAR,VILLE DE DAKAR,MEDINA,THIEURIGNE II
DAKAR,DAKAR,VILLE DE DAKAR,MEDINA,THIEURIGNE III
DAKAR,DAKAR,VILLE DE DAKAR,MEDINA,TILLENE
DAKAR,DAKAR,VILLE DE DAKAR,COLOBANE/FASS/GUEULE TAPEE,COLOBANE BAYELAYE
DAKAR,DAKAR,VILLE DE DAKAR,COLOBANE/FASS/GUEULE TAPEE,COLOBANE HOCK
DAKAR,DAKAR,VILLE DE DAKAR,COLOBANE/FASS/GUEULE TAPEE,COLOBANE HOCK PINTH
DAKAR,DAKAR,VILLE DE DAKAR,COLOBANE/FASS/GUEULE TAPEE,COLOBANE TSF
DAKAR,DAKAR,VILLE DE DAKAR,COLOBANE/FASS/GUEULE TAPEE,FASS BATIMENT (FASS LOUVEAU)
DAKAR,DAKAR,VILLE DE DAKAR,COLOBANE/FASS/GUEULE TAPEE,FASS CASIER
DAKAR,DAKAR,VILLE DE DAKAR,COLOBANE/FASS/GUEULE TAPEE,FASS DELORME
DAKAR,DAKAR,VILLE DE DAKAR,COLOBANE/FASS/GUEULE TAPEE,FASS PAILLOTTE I
DAKAR,DAKAR,VILLE DE DAKAR,COLOBANE/FASS/GUEULE TAPEE,FASS PAILLOTTE II
DAKAR,DAKAR,VILLE DE DAKAR,COLOBANE/FASS/GUEULE TAPEE,GUEULE TAPEE I
DAKAR,DAKAR,VILLE DE DAKAR,COLOBANE/FASS/GUEULE TAPEE,GUEULE TAPEE II
DAKAR,DAKAR,VILLE DE DAKAR,COLOBANE/FASS/GUEULE TAPEE,GUEULE TAPEE III (NDOYENE)
DAKAR,DAKAR,VILLE DE DAKAR,COLOBANE/FASS/GUEULE TAPEE,HLM FASS
DAKAR,DAKAR,VILLE DE DAKAR,COLOBANE/FASS/GUEULE TAPEE,HLM GUEULE TAPEE (GUEULE TAPEE IV)
DAKAR,DAKAR,VILLE DE DAKAR,FANN/POINT E/ AMITIE,AMITIE I
DAKAR,DAKAR,VILLE DE DAKAR,FANN/POINT E/ AMITIE,AMITIE II
DAKAR,DAKAR,VILLE DE DAKAR,FANN/POINT E/ AMITIE,FANN HOCK
DAKAR,DAKAR,VILLE DE DAKAR,FANN/POINT E/ AMITIE,FANN RESIDENCE
DAKAR,DAKAR,VILLE DE DAKAR,FANN/POINT E/ AMITIE,POINT E
DAKAR,DAKAR,VILLE DE DAKAR,FANN/POINT E/ AMITIE,SICAP RUE X
DAKAR,DAKAR,VILLE DE DAKAR,FANN/POINT E/ AMITIE,ZONE B  BALLON
DAKAR,DAKAR,VILLE DE DAKAR,FANN/POINT E/ AMITIE,ZONE B  BATIMENT
DAKAR,DAKAR,VILLE DE DAKAR,GRAND DAKAR,GRAND DAKAR I A (DARABIS)
DAKAR,DAKAR,VILLE DE DAKAR,GRAND DAKAR,GRAND DAKAR I B
DAKAR,DAKAR,VILLE DE DAKAR,GRAND DAKAR,GRAND DAKAR II A
DAKAR,DAKAR,VILLE DE DAKAR,GRAND DAKAR,GRAND DAKAR II B
DAKAR,DAKAR,VILLE DE DAKAR,GRAND DAKAR,GRAND DAKAR IV A
DAKAR,DAKAR,VILLE DE DAKAR,GRAND DAKAR,GRAND DAKAR IV B
DAKAR,DAKAR,VILLE DE DAKAR,GRAND DAKAR,GRAND DAKAR IX
DAKAR,DAKAR,VILLE DE DAKAR,GRAND DAKAR,GRAND DAKAR V
DAKAR,DAKAR,VILLE DE DAKAR,GRAND DAKAR,GRAND DAKAR VI A
DAKAR,DAKAR,VILLE DE DAKAR,GRAND DAKAR,GRAND DAKAR VI B
DAKAR,DAKAR,VILLE DE DAKAR,GRAND DAKAR,GRAND DAKAR VII A (TAIBA)
DAKAR,DAKAR,VILLE DE DAKAR,GRAND DAKAR,GRAND DAKAR VII B (ZONE A)
DAKAR,DAKAR,VILLE DE DAKAR,GRAND DAKAR,GRAND DAKAR VIII
DAKAR,DAKAR,VILLE DE DAKAR,GRAND DAKAR,SICAP BOURGUIBA
DAKAR,DAKAR,VILLE DE DAKAR,BISCUITERIE,BISCUITERIE IA
DAKAR,DAKAR,VILLE DE DAKAR,BISCUITERIE,BISCUITERIE IB
DAKAR,DAKAR,VILLE DE DAKAR,BISCUITERIE,BISCUITERIE III
DAKAR,DAKAR,VILLE DE DAKAR,BISCUITERIE,BISCUITERIE KAYES
DAKAR,DAKAR,VILLE DE DAKAR,BISCUITERIE,BISCUITERIE MADIAMA
DAKAR,DAKAR,VILLE DE DAKAR,BISCUITERIE,BISCUITERIE TOUBA
DAKAR,DAKAR,VILLE DE DAKAR,BISCUITERIE,BISCUITERIE V (POTOU)
DAKAR,DAKAR,VILLE DE DAKAR,BISCUITERIE,BISCUITERIE VI (USINE PARC)
DAKAR,DAKAR,VILLE DE DAKAR,BISCUITERIE,BOPP
DAKAR,DAKAR,VILLE DE DAKAR,BISCUITERIE,CITE CHEIKH AHMADOU BAMBA
DAKAR,DAKAR,VILLE DE DAKAR,BISCUITERIE,CITE NDAR (OUAGOU NIAYE III)
DAKAR,DAKAR,VILLE DE DAKAR,BISCUITERIE,DJIDDAH NGUELAW
DAKAR,DAKAR,VILLE DE DAKAR,BISCUITERIE,GOUYE THIEURIGNE (CITE BISSAP)
DAKAR,DAKAR,VILLE DE DAKAR,BISCUITERIE,GRAND DAKAR I
DAKAR,DAKAR,VILLE DE DAKAR,BISCUITERIE,GRAND DAKAR X (NIARY TALLY)
DAKAR,DAKAR,VILLE DE DAKAR,BISCUITERIE,OUAGOU NIAYE I
DAKAR,DAKAR,VILLE DE DAKAR,BISCUITERIE,OUAGOU NIAYE II
DAKAR,DAKAR,VILLE DE DAKAR,BISCUITERIE,USINE BEN TALLY (BISCUITERIE IV MISTRA)
DAKAR,DAKAR,VILLE DE DAKAR,BISCUITERIE,ZONE INDUSTRIELLE
DAKAR,DAKAR,VILLE DE DAKAR,HLM,CITE DES EAUX
DAKAR,DAKAR,VILLE DE DAKAR,HLM,CITE DOUANES
DAKAR,DAKAR,VILLE DE DAKAR,HLM,CITE PORT
DAKAR,DAKAR,VILLE DE DAKAR,HLM,HLM ANGLE MOUSSE
DAKAR,DAKAR,VILLE DE DAKAR,HLM,HLM I
DAKAR,DAKAR,VILLE DE DAKAR,HLM,HLM II
DAKAR,DAKAR,VILLE DE DAKAR,HLM,HLM III
DAKAR,DAKAR,VILLE DE DAKAR,HLM,HLM IV A
DAKAR,DAKAR,VILLE DE DAKAR,HLM,HLM IV B
DAKAR,DAKAR,VILLE DE DAKAR,HLM,HLM IV C
DAKAR,DAKAR,VILLE DE DAKAR,HLM,HLM MONTAGNE
DAKAR,DAKAR,VILLE DE DAKAR,HLM,HLM NIMZATT (HLM VI)
DAKAR,DAKAR,VILLE DE DAKAR,HLM,HLM VA
DAKAR,DAKAR,VILLE DE DAKAR,HLM,HLM VB
DAKAR,DAKAR,VILLE DE DAKAR,HANN/ BEL AIR,CITE BELLE VUE
DAKAR,DAKAR,VILLE DE DAKAR,HANN/ BEL AIR,CITE ELISABETH DIOUF
DAKAR,DAKAR,VILLE DE DAKAR,HANN/ BEL AIR,CITE ISRA
DAKAR,DAKAR,VILLE DE DAKAR,HANN/ BEL AIR,CITE KEUR YARAKH
DAKAR,DAKAR,VILLE DE DAKAR,HANN/ BEL AIR,CITE MARINAS
DAKAR,DAKAR,VILLE DE DAKAR,HANN/ BEL AIR,CITE SANDIAL
DAKAR,DAKAR,VILLE DE DAKAR,HANN/ BEL AIR,CITE SCAT URBAM MARISTE I
DAKAR,DAKAR,VILLE DE DAKAR,HANN/ BEL AIR,CITE SCAT URBAM MARISTE II
DAKAR,DAKAR,VILLE DE DAKAR,HANN/ BEL AIR,CITE SOME
DAKAR,DAKAR,VILLE DE DAKAR,HANN/ BEL AIR,COLOBANE WAKHINANE
DAKAR,DAKAR,VILLE DE DAKAR,HANN/ BEL AIR,FORD B
DAKAR,DAKAR,VILLE DE DAKAR,HANN/ BEL AIR,HANN EQUIPE
DAKAR,DAKAR,VILLE DE DAKAR,HANN/ BEL AIR,HANN GANGUI
DAKAR,DAKAR,VILLE DE DAKAR,HANN/ BEL AIR,HANN III
DAKAR,DAKAR,VILLE DE DAKAR,HANN/ BEL AIR,HANN MARIGOT I
DAKAR,DAKAR,VILLE DE DAKAR,HANN/ BEL AIR,HANN MARIGOT II
DAKAR,DAKAR,VILLE DE DAKAR,HANN/ BEL AIR,HANN MARISTE
DAKAR,DAKAR,VILLE DE DAKAR,HANN/ BEL AIR,HANN MONTAGNE I
DAKAR,DAKAR,VILLE DE DAKAR,HANN/ BEL AIR,HANN MONTAGNE V
DAKAR,DAKAR,VILLE DE DAKAR,HANN/ BEL AIR,HANN MONTAGNE VI
DAKAR,DAKAR,VILLE DE DAKAR,HANN/ BEL AIR,HANN PARC I
DAKAR,DAKAR,VILLE DE DAKAR,HANN/ BEL AIR,HANN PARC II
DAKAR,DAKAR,VILLE DE DAKAR,HANN/ BEL AIR,HANN SANTHIE
DAKAR,DAKAR,VILLE DE DAKAR,HANN/ BEL AIR,HANN TEFESS
DAKAR,DAKAR,VILLE DE DAKAR,HANN/ BEL AIR,HANN YENE
DAKAR,DAKAR,VILLE DE DAKAR,HANN/ BEL AIR,HLM HANN MARISTE
DAKAR,DAKAR,VILLE DE DAKAR,HANN/ BEL AIR,LEBOUGUI (HANN PECHE)
DAKAR,DAKAR,VILLE DE DAKAR,HANN/ BEL AIR,WALOGUI (HANN PLAGE)
DAKAR,DAKAR,VILLE DE DAKAR,HANN/ BEL AIR,ZONE INDUSTRIELLE
DAKAR,DAKAR,VILLE DE DAKAR,SICAP LIBERTE,CITE BARAQUE
DAKAR,DAKAR,VILLE DE DAKAR,SICAP LIBERTE,LIBERTE I
DAKAR,DAKAR,VILLE DE DAKAR,SICAP LIBERTE,LIBERTE II
DAKAR,DAKAR,VILLE DE DAKAR,SICAP LIBERTE,LIBERTE III
DAKAR,DAKAR,VILLE DE DAKAR,SICAP LIBERTE,LIBERTE IV
DAKAR,DAKAR,VILLE DE DAKAR,SICAP LIBERTE,LIBERTE V
DAKAR,DAKAR,VILLE DE DAKAR,SICAP LIBERTE,LIBERTE VI
DAKAR,DAKAR,VILLE DE DAKAR,SICAP LIBERTE,LIBERTE VI EXTENSION
DAKAR,DAKAR,VILLE DE DAKAR,SICAP LIBERTE,SACRE COEUR III
DAKAR,DAKAR,VILLE DE DAKAR,DIEUPPEUL DERKLE,CASTOR (CITE ELEVAGE)
DAKAR,DAKAR,VILLE DE DAKAR,DIEUPPEUL DERKLE,CASTOR (CITE MARINE)
DAKAR,DAKAR,VILLE DE DAKAR,DIEUPPEUL DERKLE,CASTOR I
DAKAR,DAKAR,VILLE DE DAKAR,DIEUPPEUL DERKLE,CASTOR II
DAKAR,DAKAR,VILLE DE DAKAR,DIEUPPEUL DERKLE,CASTOR III (BOURGUIBA)
DAKAR,DAKAR,VILLE DE DAKAR,DIEUPPEUL DERKLE,CITE ASECNA & SOTRAC
DAKAR,DAKAR,VILLE DE DAKAR,DIEUPPEUL DERKLE,CITE GEOGRAPHIE
DAKAR,DAKAR,VILLE DE DAKAR,DIEUPPEUL DERKLE,CITE GRANDE IMPRIMERIE AFRICAINE
DAKAR,DAKAR,VILLE DE DAKAR,DIEUPPEUL DERKLE,CITE MINIERE
DAKAR,DAKAR,VILLE DE DAKAR,DIEUPPEUL DERKLE,CITE NOSOCO
DAKAR,DAKAR,VILLE DE DAKAR,DIEUPPEUL DERKLE,CITE ORSTOM
DAKAR,DAKAR,VILLE DE DAKAR,DIEUPPEUL DERKLE,CITE PTT
DAKAR,DAKAR,VILLE DE DAKAR,DIEUPPEUL DERKLE,DERKLE (CITE CREDIT FONCIER)
DAKAR,DAKAR,VILLE DE DAKAR,DIEUPPEUL DERKLE,DERKLE (GAZELLE SOBOA)
DAKAR,DAKAR,VILLE DE DAKAR,DIEUPPEUL DERKLE,DERKLE II (DAROU SALAM)
DAKAR,DAKAR,VILLE DE DAKAR,DIEUPPEUL DERKLE,DERKLE II (MARGARY)
DAKAR,DAKAR,VILLE DE DAKAR,DIEUPPEUL DERKLE,DERKLE II (NOTAIRE)
DAKAR,DAKAR,VILLE DE DAKAR,DIEUPPEUL DERKLE,DIEUPPEUL II (CITE PRESTATION FAMILIALE)
DAKAR,DAKAR,VILLE DE DAKAR,DIEUPPEUL DERKLE,SICAP DIEUPEUL I
DAKAR,DAKAR,VILLE DE DAKAR,DIEUPPEUL DERKLE,SICAP DIEUPEUL II
DAKAR,DAKAR,VILLE DE DAKAR,DIEUPPEUL DERKLE,SICAP DIEUPEUL III
DAKAR,DAKAR,VILLE DE DAKAR,DIEUPPEUL DERKLE,SICAP DIEUPEUL IV
DAKAR,DAKAR,VILLE DE DAKAR,DIEUPPEUL DERKLE,SICAP LIBERTE V B
DAKAR,DAKAR,VILLE DE DAKAR,DIEUPPEUL DERKLE,SICAP LIBERTE V C
DAKAR,DAKAR,VILLE DE DAKAR,OUAKAM,ANCIENNE PISTE
DAKAR,DAKAR,VILLE DE DAKAR,OUAKAM,BALLON
DAKAR,DAKAR,VILLE DE DAKAR,OUAKAM,BIRA OUAKAM (TOUBA OUAKAM)
DAKAR,DAKAR,VILLE DE DAKAR,OUAKAM,BOULGA
DAKAR,DAKAR,VILLE DE DAKAR,OUAKAM,CITE ASECNA
DAKAR,DAKAR,VILLE DE DAKAR,OUAKAM,CITE ASECNA III
DAKAR,DAKAR,VILLE DE DAKAR,OUAKAM,CITE ASSEMBLE NATIONALE
DAKAR,DAKAR,VILLE DE DAKAR,OUAKAM,CITE COMICO
DAKAR,DAKAR,VILLE DE DAKAR,OUAKAM,CITE COMMUNAUTE URBAINE
DAKAR,DAKAR,VILLE DE DAKAR,OUAKAM,CITE EL HADJI MALICK SY
DAKAR,DAKAR,VILLE DE DAKAR,OUAKAM,CITE ENSEIGNEMENT SUPERIEUR
DAKAR,DAKAR,VILLE DE DAKAR,OUAKAM,CITE URBANISME-HABITAT
DAKAR,DAKAR,VILLE DE DAKAR,OUAKAM,GOUYE SOR
DAKAR,DAKAR,VILLE DE DAKAR,OUAKAM,LEONA
DAKAR,DAKAR,VILLE DE DAKAR,OUAKAM,MAMELLES AVIATION
DAKAR,DAKAR,VILLE DE DAKAR,OUAKAM,MBOUL
DAKAR,DAKAR,VILLE DE DAKAR,OUAKAM,MERINA (MERINA I)
DAKAR,DAKAR,VILLE DE DAKAR,OUAKAM,MERINA (MERINA II)
DAKAR,DAKAR,VILLE DE DAKAR,OUAKAM,MONTAGNE ROUGE
DAKAR,DAKAR,VILLE DE DAKAR,OUAKAM,OUAKAM CORNICHE
DAKAR,DAKAR,VILLE DE DAKAR,OUAKAM,RIP
DAKAR,DAKAR,VILLE DE DAKAR,OUAKAM,SACRE CŒUR III VDN
DAKAR,DAKAR,VILLE DE DAKAR,OUAKAM,SINTHIA
DAKAR,DAKAR,VILLE DE DAKAR,OUAKAM,SUD AFRICA
DAKAR,DAKAR,VILLE DE DAKAR,OUAKAM,TAGLOU
DAKAR,DAKAR,VILLE DE DAKAR,OUAKAM,TERME SUD
DAKAR,DAKAR,VILLE DE DAKAR,OUAKAM,TOUBA ALMADIES
DAKAR,DAKAR,VILLE DE DAKAR,OUAKAM,TOUBA OUAKAM II (CITE AVION)
DAKAR,DAKAR,VILLE DE DAKAR,OUAKAM,TOUBA RENAISSANCE
DAKAR,DAKAR,VILLE DE DAKAR,OUAKAM,ZONE DE L'AEROPORT
DAKAR,DAKAR,VILLE DE DAKAR,N’GOR,ALMADIES EST
DAKAR,DAKAR,VILLE DE DAKAR,N’GOR,ALMADIES OUEST
DAKAR,DAKAR,VILLE DE DAKAR,N’GOR,GRAND NGOR
DAKAR,DAKAR,VILLE DE DAKAR,N’GOR,ILE DE NGOR
DAKAR,DAKAR,VILLE DE DAKAR,N’GOR,NDIONGORANE
DAKAR,DAKAR,VILLE DE DAKAR,N’GOR,NGOR VIRAGE
DAKAR,DAKAR,VILLE DE DAKAR,N’GOR,PETIT NGOR
DAKAR,DAKAR,VILLE DE DAKAR,N’GOR,RESIDENCE NORD
DAKAR,DAKAR,VILLE DE DAKAR,N’GOR,RESIDENCE SUD
DAKAR,DAKAR,VILLE DE DAKAR,N’GOR,ZONE EXTENTION EST
DAKAR,DAKAR,VILLE DE DAKAR,N’GOR,ZONE EXTENTION OUEST
DAKAR,DAKAR,VILLE DE DAKAR,YOFF,CDE
DAKAR,DAKAR,VILLE DE DAKAR,YOFF,CITE A EL MAS
DAKAR,DAKAR,VILLE DE DAKAR,YOFF,CITE AIR AFRIQUE A
DAKAR,DAKAR,VILLE DE DAKAR,YOFF,CITE AIR AFRIQUE B
DAKAR,DAKAR,VILLE DE DAKAR,YOFF,CITE AIR FRANCE
DAKAR,DAKAR,VILLE DE DAKAR,YOFF,CITE AIR SENEGAL
DAKAR,DAKAR,VILLE DE DAKAR,YOFF,CITE ALLIA DIENE
DAKAR,DAKAR,VILLE DE DAKAR,YOFF,CITE AMADOU DIOP
DAKAR,DAKAR,VILLE DE DAKAR,YOFF,CITE APECSY ECOLOGIQUE
DAKAR,DAKAR,VILLE DE DAKAR,YOFF,CITE APECSY I
DAKAR,DAKAR,VILLE DE DAKAR,YOFF,CITE APECSY II EST
DAKAR,DAKAR,VILLE DE DAKAR,YOFF,CITE APECSY II OUEST
DAKAR,DAKAR,VILLE DE DAKAR,YOFF,CITE APECSY III
DAKAR,DAKAR,VILLE DE DAKAR,YOFF,CITE ASECNA
DAKAR,DAKAR,VILLE DE DAKAR,YOFF,CITE ASECNA EXTENSION
DAKAR,DAKAR,VILLE DE DAKAR,YOFF,CITE AZUR I
DAKAR,DAKAR,VILLE DE DAKAR,YOFF,CITE AZUR II
DAKAR,DAKAR,VILLE DE DAKAR,YOFF,CITE AZUR III
DAKAR,DAKAR,VILLE DE DAKAR,YOFF,CITE BARA MBOUP
DAKAR,DAKAR,VILLE DE DAKAR,YOFF,CITE BCEAO I
DAKAR,DAKAR,VILLE DE DAKAR,YOFF,CITE BCEAO II
DAKAR,DAKAR,VILLE DE DAKAR,YOFF,CITE BECEAO OCEAN
DAKAR,DAKAR,VILLE DE DAKAR,YOFF,CITE BIAGUI
DAKAR,DAKAR,VILLE DE DAKAR,YOFF,CITE DAKAR MARINE
DAKAR,DAKAR,VILLE DE DAKAR,YOFF,CITE DIACKSAO
DAKAR,DAKAR,VILLE DE DAKAR,YOFF,CITE DJILY MBAYE
DAKAR,DAKAR,VILLE DE DAKAR,YOFF,CITE IBRAHIMA NIANG
DAKAR,DAKAR,VILLE DE DAKAR,YOFF,CITE LA POSTE (DIAMALAYE)
DAKAR,DAKAR,VILLE DE DAKAR,YOFF,CITE LOBATT FALL
DAKAR,DAKAR,VILLE DE DAKAR,YOFF,CITE LONASE
DAKAR,DAKAR,VILLE DE DAKAR,YOFF,CITE PALENE
DAKAR,DAKAR,VILLE DE DAKAR,YOFF,CITE POSTE
DAKAR,DAKAR,VILLE DE DAKAR,YOFF,CITE SAGEF
DAKAR,DAKAR,VILLE DE DAKAR,YOFF,CITE SODA LO
DAKAR,DAKAR,VILLE DE DAKAR,YOFF,CITE SONATEL
DAKAR,DAKAR,VILLE DE DAKAR,YOFF,CITE SONATEL III
DAKAR,DAKAR,VILLE DE DAKAR,YOFF,CITE TOBAGO
DAKAR,DAKAR,VILLE DE DAKAR,YOFF,DAGOUDANE
DAKAR,DAKAR,VILLE DE DAKAR,YOFF,DIAMALAYE EXTENSION
DAKAR,DAKAR,VILLE DE DAKAR,YOFF,DIAMALAYE I
DAKAR,DAKAR,VILLE DE DAKAR,YOFF,DIAMALAYE II
DAKAR,DAKAR,VILLE DE DAKAR,YOFF,DIAMALAYE III
DAKAR,DAKAR,VILLE DE DAKAR,YOFF,LAYENE
DAKAR,DAKAR,VILLE DE DAKAR,YOFF,MAME RHANE
DAKAR,DAKAR,VILLE DE DAKAR,YOFF,NDENATE
DAKAR,DAKAR,VILLE DE DAKAR,YOFF,NDEUNGAGNE
DAKAR,DAKAR,VILLE DE DAKAR,YOFF,NGAPAROU
DAKAR,DAKAR,VILLE DE DAKAR,YOFF,SICAP LAYENE
DAKAR,DAKAR,VILLE DE DAKAR,YOFF,SIPRES IV
DAKAR,DAKAR,VILLE DE DAKAR,YOFF,TELECOM RESIDENCE
DAKAR,DAKAR,VILLE DE DAKAR,YOFF,TERME NORD TRAVAUX ET CADRE
DAKAR,DAKAR,VILLE DE DAKAR,YOFF,TONGHOR
DAKAR,DAKAR,VILLE DE DAKAR,YOFF,TOUNDOUP RYA
DAKAR,DAKAR,VILLE DE DAKAR,YOFF,YOFF EXTENSION
DAKAR,DAKAR,VILLE DE DAKAR,YOFF,YOFF MBENGUENE
DAKAR,DAKAR,VILLE DE DAKAR,YOFF,YOFF RAND RAR
DAKAR,DAKAR,VILLE DE DAKAR,CA.MERMOZ/ SACRE -COEUR,AMITIE III
DAKAR,DAKAR,VILLE DE DAKAR,CA.MERMOZ/ SACRE -COEUR,BAOBAB
DAKAR,DAKAR,VILLE DE DAKAR,CA.MERMOZ/ SACRE -COEUR,CITE IBA NDIAYE DIADJI
DAKAR,DAKAR,VILLE DE DAKAR,CA.MERMOZ/ SACRE -COEUR,KARACK
DAKAR,DAKAR,VILLE DE DAKAR,CA.MERMOZ/ SACRE -COEUR,MERMOZ (1ere PORTE)
DAKAR,DAKAR,VILLE DE DAKAR,CA.MERMOZ/ SACRE -COEUR,MERMOZ (2e PORTE)
DAKAR,DAKAR,VILLE DE DAKAR,CA.MERMOZ/ SACRE -COEUR,MERMOZ PYROTECHNIQUE
DAKAR,DAKAR,VILLE DE DAKAR,CA.MERMOZ/ SACRE -COEUR,SACRE CŒUR I
DAKAR,DAKAR,VILLE DE DAKAR,CA.MERMOZ/ SACRE -COEUR,SACRE CŒUR II
DAKAR,DAKAR,VILLE DE DAKAR,CA.MERMOZ/ SACRE -COEUR,SACRE CŒUR III EXTENSION
DAKAR,DAKAR,VILLE DE DAKAR,CA.MERMOZ/ SACRE -COEUR,SACRE CŒUR III PYROTECHNIQUE
DAKAR,DAKAR,VILLE DE DAKAR,CA.MERMOZ/ SACRE -COEUR,TERANGA
DAKAR,DAKAR,VILLE DE DAKAR,GRAND YOFF,ARAFAT
DAKAR,DAKAR,VILLE DE DAKAR,GRAND YOFF,BAGDAD
DAKAR,DAKAR,VILLE DE DAKAR,GRAND YOFF,CAMP SEKOU MBALLO (LIBERTE VI EXTENSION)
DAKAR,DAKAR,VILLE DE DAKAR,GRAND YOFF,CICES EST
DAKAR,DAKAR,VILLE DE DAKAR,GRAND YOFF,CITE BASTOS I
DAKAR,DAKAR,VILLE DE DAKAR,GRAND YOFF,CITE BASTOS II  VILLA XIV
DAKAR,DAKAR,VILLE DE DAKAR,GRAND YOFF,CITE CPI
DAKAR,DAKAR,VILLE DE DAKAR,GRAND YOFF,CITE FOIRE MAGISTRAT
DAKAR,DAKAR,VILLE DE DAKAR,GRAND YOFF,CITE KERETOU
DAKAR,DAKAR,VILLE DE DAKAR,GRAND YOFF,CITE MILLIONNAIRE
DAKAR,DAKAR,VILLE DE DAKAR,GRAND YOFF,CITE SIPRES  I
DAKAR,DAKAR,VILLE DE DAKAR,GRAND YOFF,CITE SIPRES II SICA
DAKAR,DAKAR,VILLE DE DAKAR,GRAND YOFF,DAROU RAHMANE I
DAKAR,DAKAR,VILLE DE DAKAR,GRAND YOFF,DAROU RAHMANE II
DAKAR,DAKAR,VILLE DE DAKAR,GRAND YOFF,DAROU RAKHMANE III
DAKAR,DAKAR,VILLE DE DAKAR,GRAND YOFF,DAROU SALAM I
DAKAR,DAKAR,VILLE DE DAKAR,GRAND YOFF,DAROU SALAM II
DAKAR,DAKAR,VILLE DE DAKAR,GRAND YOFF,DAROU SALAM III
DAKAR,DAKAR,VILLE DE DAKAR,GRAND YOFF,DAROU SANTHIE II
DAKAR,DAKAR,VILLE DE DAKAR,GRAND YOFF,DJIEDDAH
DAKAR,DAKAR,VILLE DE DAKAR,GRAND YOFF,GAZELLE I
DAKAR,DAKAR,VILLE DE DAKAR,GRAND YOFF,GRAND YOFF LEONA
DAKAR,DAKAR,VILLE DE DAKAR,GRAND YOFF,HAMO GRAND YOFF
DAKAR,DAKAR,VILLE DE DAKAR,GRAND YOFF,HLM GRAND YOFF
DAKAR,DAKAR,VILLE DE DAKAR,GRAND YOFF,HLM GRAND YOFF I
DAKAR,DAKAR,VILLE DE DAKAR,GRAND YOFF,HLM GRAND YOFF II
DAKAR,DAKAR,VILLE DE DAKAR,GRAND YOFF,HLM GRAND YOFF II (CITE ASSANE DIOP)
DAKAR,DAKAR,VILLE DE DAKAR,GRAND YOFF,HLM GRAND YOFF III
DAKAR,DAKAR,VILLE DE DAKAR,GRAND YOFF,HLM PATTE D'OIE
DAKAR,DAKAR,VILLE DE DAKAR,GRAND YOFF,HLM SHELTER I
DAKAR,DAKAR,VILLE DE DAKAR,GRAND YOFF,HLM SHELTER II
DAKAR,DAKAR,VILLE DE DAKAR,GRAND YOFF,KHAR YALLA (CITE TELE)
DAKAR,DAKAR,VILLE DE DAKAR,GRAND YOFF,KHAR YALLA II
DAKAR,DAKAR,VILLE DE DAKAR,GRAND YOFF,MAKA I
DAKAR,DAKAR,VILLE DE DAKAR,GRAND YOFF,MAKA II
DAKAR,DAKAR,VILLE DE DAKAR,GRAND YOFF,MAKA III
DAKAR,DAKAR,VILLE DE DAKAR,GRAND YOFF,MISSIRAH
DAKAR,DAKAR,VILLE DE DAKAR,GRAND YOFF,SANTHIABA
DAKAR,DAKAR,VILLE DE DAKAR,GRAND YOFF,SCAT URBAM (CITE CONACHAP)
DAKAR,DAKAR,VILLE DE DAKAR,GRAND YOFF,SCAT URBAM (CITE FOUGEROLLE)
DAKAR,DAKAR,VILLE DE DAKAR,GRAND YOFF,SCAT URBAM (CITE KEUR KHADIM I)
DAKAR,DAKAR,VILLE DE DAKAR,GRAND YOFF,SCAT URBAM (CITE KEUR KHADIM II)
DAKAR,DAKAR,VILLE DE DAKAR,GRAND YOFF,SCAT URBAM (ILOT A)
DAKAR,DAKAR,VILLE DE DAKAR,GRAND YOFF,SCAT URBAM (ILOT B)
DAKAR,DAKAR,VILLE DE DAKAR,GRAND YOFF,SCAT URBAM (ILOT C)
DAKAR,DAKAR,VILLE DE DAKAR,GRAND YOFF,SCAT URBAM (ILOT D)
DAKAR,DAKAR,VILLE DE DAKAR,GRAND YOFF,SCAT URBAM (ILOT E)
DAKAR,DAKAR,VILLE DE DAKAR,GRAND YOFF,SCAT URBAM (ILOT F)
DAKAR,DAKAR,VILLE DE DAKAR,GRAND YOFF,SCAT URBAM (ILOT G)
DAKAR,DAKAR,VILLE DE DAKAR,GRAND YOFF,SCAT URBAM (ILOT H)
DAKAR,DAKAR,VILLE DE DAKAR,GRAND YOFF,SCAT URBAM (ILOT M)
DAKAR,DAKAR,VILLE DE DAKAR,GRAND YOFF,SCAT URBAM (ILOT N)
DAKAR,DAKAR,VILLE DE DAKAR,GRAND YOFF,SCAT URBAM ARAFAT
DAKAR,DAKAR,VILLE DE DAKAR,GRAND YOFF,SHELTER (ZONE COMMERCIALE)
DAKAR,DAKAR,VILLE DE DAKAR,GRAND YOFF,SICAP FOIRE
DAKAR,DAKAR,VILLE DE DAKAR,GRAND YOFF,SUD FOIRE (CITE CSE)
DAKAR,DAKAR,VILLE DE DAKAR,GRAND YOFF,SUD FOIRE (CITE LIBASSE NIANG)
DAKAR,DAKAR,VILLE DE DAKAR,GRAND YOFF,SUD FOIRE (CITE OUSMANE DIOP)
DAKAR,DAKAR,VILLE DE DAKAR,GRAND YOFF,SUD FOIRE (CITE SONATEL I)
DAKAR,DAKAR,VILLE DE DAKAR,GRAND YOFF,SUD FOIRE (CITE SONATEL II)
DAKAR,DAKAR,VILLE DE DAKAR,GRAND YOFF,SUD FOIRE (CITE SONATEL III)
DAKAR,DAKAR,VILLE DE DAKAR,GRAND YOFF,TAIBA I
DAKAR,DAKAR,VILLE DE DAKAR,GRAND YOFF,TAIBA II
DAKAR,DAKAR,VILLE DE DAKAR,GRAND YOFF,TAIBA III
DAKAR,DAKAR,VILLE DE DAKAR,GRAND YOFF,TAIBA IV
DAKAR,DAKAR,VILLE DE DAKAR,GRAND YOFF,ZONE DE CAPTAGE
DAKAR,DAKAR,VILLE DE DAKAR,PATTE D’OIE,CITE BCEAO
DAKAR,DAKAR,VILLE DE DAKAR,PATTE D’OIE,CITE EL AMAL
DAKAR,DAKAR,VILLE DE DAKAR,PATTE D’OIE,CITE IMPOTS ET DOMAINES
DAKAR,DAKAR,VILLE DE DAKAR,PATTE D’OIE,CITE KEUR DAMEL
DAKAR,DAKAR,VILLE DE DAKAR,PATTE D’OIE,CITE LEOPOLD SEDAR SENGHOR
DAKAR,DAKAR,VILLE DE DAKAR,PATTE D’OIE,CITE MIXTA
DAKAR,DAKAR,VILLE DE DAKAR,PATTE D’OIE,CITE SOPRIM
DAKAR,DAKAR,VILLE DE DAKAR,PATTE D’OIE,CITE SOPRIM  EXTENSION
DAKAR,DAKAR,VILLE DE DAKAR,PATTE D’OIE,GRAND MEDINE IRREGULIER
DAKAR,DAKAR,VILLE DE DAKAR,PATTE D’OIE,PATTE D'OIE BUILDERS
DAKAR,DAKAR,VILLE DE DAKAR,PARCELLES ASSAINIES,HLM GRAND MEDINE (UNITE XXIII)
DAKAR,DAKAR,VILLE DE DAKAR,PARCELLES ASSAINIES,UNITE IX
DAKAR,DAKAR,VILLE DE DAKAR,PARCELLES ASSAINIES,UNITE VII
DAKAR,DAKAR,VILLE DE DAKAR,PARCELLES ASSAINIES,UNITE VIII
DAKAR,DAKAR,VILLE DE DAKAR,PARCELLES ASSAINIES,UNITE X
DAKAR,DAKAR,VILLE DE DAKAR,PARCELLES ASSAINIES,UNITE XI
DAKAR,DAKAR,VILLE DE DAKAR,PARCELLES ASSAINIES,UNITE XII
DAKAR,DAKAR,VILLE DE DAKAR,PARCELLES ASSAINIES,UNITE XIII
DAKAR,DAKAR,VILLE DE DAKAR,PARCELLES ASSAINIES,UNITE XIV
DAKAR,DAKAR,VILLE DE DAKAR,PARCELLES ASSAINIES,UNITE XIX
DAKAR,DAKAR,VILLE DE DAKAR,PARCELLES ASSAINIES,UNITE XV
DAKAR,DAKAR,VILLE DE DAKAR,PARCELLES ASSAINIES,UNITE XVI
DAKAR,DAKAR,VILLE DE DAKAR,PARCELLES ASSAINIES,UNITE XVII
DAKAR,DAKAR,VILLE DE DAKAR,PARCELLES ASSAINIES,UNITE XVIII
DAKAR,DAKAR,VILLE DE DAKAR,PARCELLES ASSAINIES,UNITE XX
DAKAR,DAKAR,VILLE DE DAKAR,PARCELLES ASSAINIES,UNITE XXI
DAKAR,DAKAR,VILLE DE DAKAR,PARCELLES ASSAINIES,UNITE XXII
DAKAR,DAKAR,VILLE DE DAKAR,PARCELLES ASSAINIES,UNITE XXIV
DAKAR,DAKAR,VILLE DE DAKAR,PARCELLES ASSAINIES,UNITE XXV
DAKAR,DAKAR,VILLE DE DAKAR,PARCELLES ASSAINIES,UNITE XXVI
DAKAR,DAKAR,VILLE DE DAKAR,CAMBERENE,CAMBERENE II A
DAKAR,DAKAR,VILLE DE DAKAR,CAMBERENE,CAMBERENE II B
DAKAR,DAKAR,VILLE DE DAKAR,CAMBERENE,CAMBERENE II C
DAKAR,DAKAR,VILLE DE DAKAR,CAMBERENE,CAYOR
DAKAR,DAKAR,VILLE DE DAKAR,CAMBERENE,CITE DES NATIONS UNIES
DAKAR,DAKAR,VILLE DE DAKAR,CAMBERENE,DEGGO
DAKAR,DAKAR,VILLE DE DAKAR,CAMBERENE,DIAMAGUENE
DAKAR,DAKAR,VILLE DE DAKAR,CAMBERENE,ISLAM
DAKAR,DAKAR,VILLE DE DAKAR,CAMBERENE,ISLAM EXTENSION
DAKAR,DAKAR,VILLE DE DAKAR,CAMBERENE,KAWSARA
DAKAR,DAKAR,VILLE DE DAKAR,CAMBERENE,KEUR GOUMACK
DAKAR,DAKAR,VILLE DE DAKAR,CAMBERENE,MBANE
DAKAR,DAKAR,VILLE DE DAKAR,CAMBERENE,MEDINA
DAKAR,DAKAR,VILLE DE DAKAR,CAMBERENE,PEULGA
DAKAR,DAKAR,VILLE DE DAKAR,CAMBERENE,THIOKHOLANE
DIOURBEL,DIOURBEL,N’DOULO,N’DOULO,DAKAR MBAYARD I
DIOURBEL,DIOURBEL,N’DOULO,N’DOULO,DAKAR MBAYARD II
TAMBACOUNDA,TAMBACOUNDA,MAKACOULIBANTANG,N’DOGA BABACAR,PENDAKARE PEULH
THIES,THIES,VILLE DE THIES,THIES OUEST,HLM ROUTE DE DAKAR
THIES,THIES,VILLE DE THIES,THIES OUEST,ROUTE DE DAKAR II
SEDHIOU,SEDHIOU,COM. MARSASSOUM,COM. MARSASSOUM,GRAND DAKAR
SEDHIOU,BOUNKILING,COM. BOUNKILING,COM. BOUNKILING,GRAND DAKAR
SEDHIOU,GOUDOMP,DJIBANAR,DJIBANAR,H1 GRAND DAKAR
SEDHIOU,GOUDOMP,KARANTABA,KARANTABA,SINTHIANG DAKAR
DAKAR,DAKAR,CA GRAND DAKAR,,
DAKAR,DAKAR,CA GRAND DAKAR,,
DAKAR,DAKAR,CA GRAND DAKAR,,
DAKAR,DAKAR,CA GRAND DAKAR,,
DAKAR,DAKAR,CA GRAND DAKAR,,
DAKAR,DAKAR,CA GRAND DAKAR,,
DAKAR,DAKAR,CA GRAND DAKAR,,
DAKAR,DAKAR,CA GRAND DAKAR,,
DAKAR,DAKAR,CA GRAND DAKAR,,
DAKAR,DAKAR,CA GRAND DAKAR,,
DAKAR,DAKAR,CA GRAND DAKAR,,
DAKAR,DAKAR,CA GRAND DAKAR,,
DAKAR,DAKAR,CA GRAND DAKAR,,
DAKAR,DAKAR,CA GRAND DAKAR,,
DAKAR,DAKAR,CA GRAND DAKAR,,
DAKAR,DAKAR,DAKAR,DAKAR,ALMADIES
DAKAR,DAKAR,DAKAR,DAKAR,BOPP
DAKAR,DAKAR,DAKAR,DAKAR,BOURGUIBA (VILLAS SICAP)
DAKAR,DAKAR,DAKAR,DAKAR,CAMBERENE
DAKAR,DAKAR,DAKAR,DAKAR,CAMP ABDOU DIASSE
DAKAR,DAKAR,DAKAR,DAKAR,CAMP LAT DIOR
DAKAR,DAKAR,DAKAR,DAKAR,CAMP LECLERC
DAKAR,DAKAR,DAKAR,DAKAR,CAMP PENAL
DAKAR,DAKAR,DAKAR,DAKAR,CAMP SEKOU MBALLO
DAKAR,DAKAR,DAKAR,DAKAR,CASERNE FRONT DE TERRE
DAKAR,DAKAR,DAKAR,DAKAR,CASERNE SAMBA DIERY DIALLO
DAKAR,DAKAR,DAKAR,DAKAR,CASTORS
DAKAR,DAKAR,DAKAR,DAKAR,CITE ASECNA
DAKAR,DAKAR,DAKAR,DAKAR,CITE BHS BCEAO
DAKAR,DAKAR,DAKAR,DAKAR,CITE BISSAP
DAKAR,DAKAR,DAKAR,DAKAR,CITE CREDIT FONCIER
DAKAR,DAKAR,DAKAR,DAKAR,CITE DES DOUANES
DAKAR,DAKAR,DAKAR,DAKAR,CITE DES EAUX
DAKAR,DAKAR,DAKAR,DAKAR,CITE MARINE
DAKAR,DAKAR,DAKAR,DAKAR,CITE PORT
DAKAR,DAKAR,DAKAR,DAKAR,CITE UNIVERSITAIRE
DAKAR,DAKAR,DAKAR,DAKAR,COLOBANE
DAKAR,DAKAR,DAKAR,DAKAR,C. SAPEURS POMPIERS (AV.M.SY)
DAKAR,DAKAR,DAKAR,DAKAR,C. SAPEURS POMPIERS (DIEUPEUL)
DAKAR,DAKAR,DAKAR,DAKAR,DAKAR PLATEAU 1
DAKAR,DAKAR,DAKAR,DAKAR,DAKAR PLATEAU 2 (Z.RESIDENCE)
DAKAR,DAKAR,DAKAR,DAKAR,DALIFORT
DAKAR,DAKAR,DAKAR,DAKAR,DERKLE
DAKAR,DAKAR,DAKAR,DAKAR,DIAMALAYE
DAKAR,DAKAR,DAKAR,DAKAR,FANN RESIDENCE
DAKAR,DAKAR,DAKAR,DAKAR,FASS
DAKAR,DAKAR,DAKAR,DAKAR,FASS BATIMENT
DAKAR,DAKAR,DAKAR,DAKAR,FASS CASIER
DAKAR,DAKAR,DAKAR,DAKAR,FASS DELORME
DAKAR,DAKAR,DAKAR,DAKAR,FASS NOUVEAU
DAKAR,DAKAR,DAKAR,DAKAR,FORT B (HANN)
DAKAR,DAKAR,DAKAR,DAKAR,GENDARMERIE DE HANN
DAKAR,DAKAR,DAKAR,DAKAR,GOREE
DAKAR,DAKAR,DAKAR,DAKAR,GRAND DAKAR
DAKAR,DAKAR,DAKAR,DAKAR,GRAND MEDINE
DAKAR,DAKAR,DAKAR,DAKAR,GRAND YOFF
DAKAR,DAKAR,DAKAR,DAKAR,GUEULE TAPEE
DAKAR,DAKAR,DAKAR,DAKAR,HANN MARISTE
DAKAR,DAKAR,DAKAR,DAKAR,HANN PECHEUR
DAKAR,DAKAR,DAKAR,DAKAR,HANN PLAGE
DAKAR,DAKAR,DAKAR,DAKAR,HAN N VILLAGE
DAKAR,DAKAR,DAKAR,DAKAR,HLM ANGLE MOUSSE
DAKAR,DAKAR,DAKAR,DAKAR,HLM CENTENAIRE
DAKAR,DAKAR,DAKAR,DAKAR,HLM FASS
DAKAR,DAKAR,DAKAR,DAKAR,HLM GIBRALTAR 1
DAKAR,DAKAR,DAKAR,DAKAR,HLM GIBRALTAR 2
DAKAR,DAKAR,DAKAR,DAKAR,HLM GRAND MEDINE
DAKAR,DAKAR,DAKAR,DAKAR,HLM GRAND YOFF
DAKAR,DAKAR,DAKAR,DAKAR,HLM OUAGOU NIAYES 1
DAKAR,DAKAR,DAKAR,DAKAR,HLM OUAGOU NIAYES 2
DAKAR,DAKAR,DAKAR,DAKAR,HLM OUAGOU NIAYES 3
DAKAR,DAKAR,DAKAR,DAKAR,HLM OUAGOU NIAYES 4
DAKAR,DAKAR,DAKAR,DAKAR,HLM OUAGOU NIAYES 5
DAKAR,DAKAR,DAKAR,DAKAR,HLM PATIE D'OIE
DAKAR,DAKAR,DAKAR,DAKAR,HLM 6
DAKAR,DAKAR,DAKAR,DAKAR,KHAR VALLA
DAKAR,DAKAR,DAKAR,DAKAR,MEDINA
DAKAR,DAKAR,DAKAR,DAKAR,MERMOZ
DAKAR,DAKAR,DAKAR,DAKAR,MONTAGNE
DAKAR,DAKAR,DAKAR,DAKAR,NGOR
DAKAR,DAKAR,DAKAR,DAKAR,NIAYE THIOKER
DAKAR,DAKAR,DAKAR,DAKAR,NIMZAT
DAKAR,DAKAR,DAKAR,DAKAR,OUAGOU NIAYES 1
DAKAR,DAKAR,DAKAR,DAKAR,OUAGOU NIAYES 2
DAKAR,DAKAR,DAKAR,DAKAR,OUAKAM
DAKAR,DAKAR,DAKAR,DAKAR,PARCELLES ASSAINIES UNITE 01
DAKAR,DAKAR,DAKAR,DAKAR,PARCELLES ASSAINIES UNITE 02
DAKAR,DAKAR,DAKAR,DAKAR,PARCELLES ASSAINIES UNITE 03
DAKAR,DAKAR,DAKAR,DAKAR,PARCELLES ASSAINIES UNITE 04
DAKAR,DAKAR,DAKAR,DAKAR,PARCELLES ASSAINIES UNITE 05
DAKAR,DAKAR,DAKAR,DAKAR,PARCELLES ASSAINIES UNITE 06
DAKAR,DAKAR,DAKAR,DAKAR,PARCELLES ASSAINIES UNITE 07
DAKAR,DAKAR,DAKAR,DAKAR,PARCELLES ASSAINIES UNITE 08
DAKAR,DAKAR,DAKAR,DAKAR,PARCELLES ASSAINIES UNITE 09
DAKAR,DAKAR,DAKAR,DAKAR,PARCELLES ASSAINIES UNITE 10
DAKAR,DAKAR,DAKAR,DAKAR,PARCELLES ASSAINIES UNITE 11
DAKAR,DAKAR,DAKAR,DAKAR,PARCELLES ASSAINIES UNITE 12
DAKAR,DAKAR,DAKAR,DAKAR,PARCELLES ASSAINIES UNITE 13
DAKAR,DAKAR,DAKAR,DAKAR,PARCELLES ASSAINIES UNITE 14
DAKAR,DAKAR,DAKAR,DAKAR,PARCELLES ASSAINIES UNITE 15
DAKAR,DAKAR,DAKAR,DAKAR,PARCELLES ASSAINIES UNITE 16
DAKAR,DAKAR,DAKAR,DAKAR,PARCELLES ASSAINIES UNITE 17
DAKAR,DAKAR,DAKAR,DAKAR,PARCELLES ASSAINIES UNITE 18
DAKAR,DAKAR,DAKAR,DAKAR,PARCELLES A.5SAINIES UNITE 19
DAKAR,DAKAR,DAKAR,DAKAR,PARCELLES ASSAINIES UNITE 20
DAKAR,DAKAR,DAKAR,DAKAR,PARCELLES ASSAINIES UNITE 21
DAKAR,DAKAR,DAKAR,DAKAR,PARCELLES ASSAINIES UNITE 22
DAKAR,DAKAR,DAKAR,DAKAR,PARCELLES ASSAINIES UNITE 23
DAKAR,DAKAR,DAKAR,DAKAR,PARCELLES ASSAINIES UNITE 24
DAKAR,DAKAR,DAKAR,DAKAR,PARCELLES ASSAINIES UNITE 25
DAKAR,DAKAR,DAKAR,DAKAR,PATTE D'OIE BUILDERS
DAKAR,DAKAR,DAKAR,DAKAR,POINT E
DAKAR,DAKAR,DAKAR,DAKAR,REBEUSS
DAKAR,DAKAR,DAKAR,DAKAR,ROUTE DE RUFISQUE
DAKAR,DAKAR,DAKAR,DAKAR,SECTEUR SERVICE D'HYGIENE
DAKAR,DAKAR,DAKAR,DAKAR,SICAP AMITIE 1
DAKAR,DAKAR,DAKAR,DAKAR,SICAP AMITIE 2
DAKAR,DAKAR,DAKAR,DAKAR,SICAP AMITIE 3
DAKAR,DAKAR,DAKAR,DAKAR,SICAP BAOBAB
DAKAR,DAKAR,DAKAR,DAKAR,SICAP DIEUPEUL
DAKAR,DAKAR,DAKAR,DAKAR,SICAP FANN HOCK
DAKAR,DAKAR,DAKAR,DAKAR,SICAP KARACK
DAKAR,DAKAR,DAKAR,DAKAR,SICAP LIBERTE 1
DAKAR,DAKAR,DAKAR,DAKAR,SICAP LIBERTE 2
DAKAR,DAKAR,DAKAR,DAKAR,SICAP LIBERTE 3
DAKAR,DAKAR,DAKAR,DAKAR,SICAP LIBERTE 4
DAKAR,DAKAR,DAKAR,DAKAR,SICAP LIBERTE 5
DAKAR,DAKAR,DAKAR,DAKAR,SICAP LIBERTE 6
DAKAR,DAKAR,DAKAR,DAKAR,SICAP RUE 10
DAKAR,DAKAR,DAKAR,DAKAR,SICAP SACRE COEUR
DAKAR,DAKAR,DAKAR,DAKAR,USINE BENE TALLY
DAKAR,DAKAR,DAKAR,DAKAR,USINE NIARY TALLY
DAKAR,DAKAR,DAKAR,DAKAR,USINE PARC
DAKAR,DAKAR,DAKAR,DAKAR,YOFF
DAKAR,DAKAR,DAKAR,DAKAR,YOFF TONGHOR
DAKAR,DAKAR,DAKAR,DAKAR,ZONE A
DAKAR,DAKAR,DAKAR,DAKAR,ZONE B
DAKAR,DAKAR,DAKAR,DAKAR,ZONE INDUSTRIELLE (BEL AIR)
DIOURBEL,DIOURBEL,NDOULO,NDOULO,DAKAR MBAYARD
KOLDA,SEDHIOU,DIATTACOUNDA,GOUNDOMP,grand dakar
KOLDA,SEDHIOU,TANAFF,KARANTABA,SINTHIANG DAKAR
LOUGA,LOUGA,KEUR MOMAR SARR,KEUR MOMAR SARR,NDAKAR KOBA
SAINT-LOUIS,SAINT LOUIS,SAINT LOUIS,SAINT LOUIS,DAKAR BANGO
THIES,THIES,THIENABA,TOUBA-TOUL,THILLA NDAKAR
THIES,THIES,THIES,THIES,HLM ROUTE DE DAKAR (CITE OHLM)
THIES,THIES,THIES,THIES,QUARTIER HLM ROUTE DE DAKAR
DAKAR,DAKAR,VILLE DE DAKAR,DAKAR PLATEAU,CITE CAP VERDIENNE
DAKAR,DAKAR,VILLE DE DAKAR,DAKAR PLATEAU,DAROU SALAM I
DAKAR,DAKAR,VILLE DE DAKAR,DAKAR PLATEAU,DIECKO
DAKAR,DAKAR,VILLE DE DAKAR,DAKAR PLATEAU,DIECKO PLATEAU II
DAKAR,DAKAR,VILLE DE DAKAR,DAKAR PLATEAU,GOUYE SALANE
DAKAR,DAKAR,VILLE DE DAKAR,DAKAR PLATEAU,HOCK SANS FILS
DAKAR,DAKAR,VILLE DE DAKAR,DAKAR PLATEAU,KAYES FINDIW
DAKAR,DAKAR,VILLE DE DAKAR,DAKAR PLATEAU,LAMBINASSE
DAKAR,DAKAR,VILLE DE DAKAR,DAKAR PLATEAU,MBOTTE
DAKAR,DAKAR,VILLE DE DAKAR,DAKAR PLATEAU,NIAYE THIOCKER
DAKAR,DAKAR,VILLE DE DAKAR,DAKAR PLATEAU,PARC FOURRAGE
DAKAR,DAKAR,VILLE DE DAKAR,DAKAR PLATEAU,PETERSEN
DAKAR,DAKAR,VILLE DE DAKAR,DAKAR PLATEAU,REUBEUSS
DAKAR,DAKAR,VILLE DE DAKAR,DAKAR PLATEAU,ROUKHOU DJINE
DAKAR,DAKAR,VILLE DE DAKAR,DAKAR PLATEAU,SANDIAL
DAKAR,DAKAR,VILLE DE DAKAR,DAKAR PLATEAU,THIEDEME
DAKAR,DAKAR,VILLE DE DAKAR,DAKAR PLATEAU,YAKHA DIEUF
DAKAR,DAKAR,VILLE DE DAKAR,MEDINA,ABATTOIRS I
DAKAR,DAKAR,VILLE DE DAKAR,MEDINA,ABATTOIRS II
DAKAR,DAKAR,VILLE DE DAKAR,MEDINA,ABATTOIRS III
DAKAR,DAKAR,VILLE DE DAKAR,MEDINA,ABATTOIRS IV
DAKAR,DAKAR,VILLE DE DAKAR,MEDINA,ABATTOIRS V
DAKAR,DAKAR,VILLE DE DAKAR,MEDINA,BOULEVARD GENERAL DE GAULLE
DAKAR,DAKAR,VILLE DE DAKAR,MEDINA,DIECKO NORD I
DAKAR,DAKAR,VILLE DE DAKAR,MEDINA,DIECKO NORD II
DAKAR,DAKAR,VILLE DE DAKAR,MEDINA,DIECKO PINTH
DAKAR,DAKAR,VILLE DE DAKAR,MEDINA,DIECKO SUD
DAKAR,DAKAR,VILLE DE DAKAR,MEDINA,GIBRALTAR I
DAKAR,DAKAR,VILLE DE DAKAR,MEDINA,GIBRALTAR II
DAKAR,DAKAR,VILLE DE DAKAR,MEDINA,GOUYE MARIAMA LAYENE
DAKAR,DAKAR,VILLE DE DAKAR,MEDINA,GOUYE MARIAMA PINTH
DAKAR,DAKAR,VILLE DE DAKAR,MEDINA,GOUYE SALANE II
DAKAR,DAKAR,VILLE DE DAKAR,MEDINA,GOUYE SALANE PINTH
DAKAR,DAKAR,VILLE DE DAKAR,MEDINA,GOUYE SALANE I
DAKAR,DAKAR,VILLE DE DAKAR,MEDINA,GOUYE TANN
DAKAR,DAKAR,VILLE DE DAKAR,MEDINA,KAYE OUSMANE DIENE
DAKAR,DAKAR,VILLE DE DAKAR,MEDINA,MBACKEUNEU
DAKAR,DAKAR,VILLE DE DAKAR,MEDINA,NGARAFF
DAKAR,DAKAR,VILLE DE DAKAR,MEDINA,NGARAFF PINTH
DAKAR,DAKAR,VILLE DE DAKAR,MEDINA,RASS MISSION
DAKAR,DAKAR,VILLE DE DAKAR,MEDINA,SANTHIABA PINTH
DAKAR,DAKAR,VILLE DE DAKAR,MEDINA,THIEURIGNE I
DAKAR,DAKAR,VILLE DE DAKAR,MEDINA,THIEURIGNE II
DAKAR,DAKAR,VILLE DE DAKAR,MEDINA,TILENE
DAKAR,DAKAR,VILLE DE DAKAR,MEDINA,DIECKO NORD III
DAKAR,DAKAR,VILLE DE DAKAR,MEDINA,GOUYE SALANE III
DAKAR,DAKAR,VILLE DE DAKAR,GUEULE TAPEE FASS COLOBANE,COLOBANE BAYELAYE
DAKAR,DAKAR,VILLE DE DAKAR,GUEULE TAPEE FASS COLOBANE,COLOBANE HOCK
DAKAR,DAKAR,VILLE DE DAKAR,GUEULE TAPEE FASS COLOBANE,COLOBANE HOCK PINTH
DAKAR,DAKAR,VILLE DE DAKAR,GUEULE TAPEE FASS COLOBANE,COLOBANE TSF
DAKAR,DAKAR,VILLE DE DAKAR,GUEULE TAPEE FASS COLOBANE,FASS BATIMENT (FASS LOUVEAU)
DAKAR,DAKAR,VILLE DE DAKAR,GUEULE TAPEE FASS COLOBANE,FASS CASIER
DAKAR,DAKAR,VILLE DE DAKAR,GUEULE TAPEE FASS COLOBANE,FASS DELORME
DAKAR,DAKAR,VILLE DE DAKAR,GUEULE TAPEE FASS COLOBANE,FASS PAILLOTTE
DAKAR,DAKAR,VILLE DE DAKAR,GUEULE TAPEE FASS COLOBANE,GUEULE TAPEE I
DAKAR,DAKAR,VILLE DE DAKAR,GUEULE TAPEE FASS COLOBANE,GUEULE TAPEE II
DAKAR,DAKAR,VILLE DE DAKAR,GUEULE TAPEE FASS COLOBANE,GUEULE TAPEE III (NDOYENE)
DAKAR,DAKAR,VILLE DE DAKAR,GUEULE TAPEE FASS COLOBANE,HLM FASS
DAKAR,DAKAR,VILLE DE DAKAR,GUEULE TAPEE FASS COLOBANE,HLM GUEULE TAPEE (GUEULE TAPEE IV)
DAKAR,DAKAR,VILLE DE DAKAR,FANN POINT E AMITIE,AMITIE I
DAKAR,DAKAR,VILLE DE DAKAR,FANN POINT E AMITIE,AMITIE II
DAKAR,DAKAR,VILLE DE DAKAR,FANN POINT E AMITIE,FANN HOCK
DAKAR,DAKAR,VILLE DE DAKAR,FANN POINT E AMITIE,FANN RESIDENCE
DAKAR,DAKAR,VILLE DE DAKAR,FANN POINT E AMITIE,POINT E
DAKAR,DAKAR,VILLE DE DAKAR,FANN POINT E AMITIE,SICAP RUE X
DAKAR,DAKAR,VILLE DE DAKAR,FANN POINT E AMITIE,ZONE B  BALLON
DAKAR,DAKAR,VILLE DE DAKAR,FANN POINT E AMITIE,ZONE B  BATIMENT
DAKAR,DAKAR,VILLE DE DAKAR,GRAND DAKAR,GRAND DAKAR I A (DARABIS)
DAKAR,DAKAR,VILLE DE DAKAR,GRAND DAKAR,GRAND DAKAR I B
DAKAR,DAKAR,VILLE DE DAKAR,GRAND DAKAR,GRAND DAKAR II A
DAKAR,DAKAR,VILLE DE DAKAR,GRAND DAKAR,GRAND DAKAR II B
DAKAR,DAKAR,VILLE DE DAKAR,GRAND DAKAR,GRAND DAKAR IV A
DAKAR,DAKAR,VILLE DE DAKAR,GRAND DAKAR,GRAND DAKAR IV B
DAKAR,DAKAR,VILLE DE DAKAR,GRAND DAKAR,GRAND DAKAR VI A
DAKAR,DAKAR,VILLE DE DAKAR,GRAND DAKAR,GRAND DAKAR VI B
DAKAR,DAKAR,VILLE DE DAKAR,GRAND DAKAR,GRAND DAKAR VII A TAÏBA
DAKAR,DAKAR,VILLE DE DAKAR,GRAND DAKAR,GRAND DAKAR VII B (ZONE A)
DAKAR,DAKAR,VILLE DE DAKAR,GRAND DAKAR,GRAND DAKAR V A
DAKAR,DAKAR,VILLE DE DAKAR,GRAND DAKAR,GRAND DAKAR III A
DAKAR,DAKAR,VILLE DE DAKAR,GRAND DAKAR,GRAND DAKAR V B
DAKAR,DAKAR,VILLE DE DAKAR,GRAND DAKAR,SICAP AMITIE III ANNEXE
DAKAR,DAKAR,VILLE DE DAKAR,BISCUITERIE,BISCUITERIE IA
DAKAR,DAKAR,VILLE DE DAKAR,BISCUITERIE,BISCUITERIE IB
DAKAR,DAKAR,VILLE DE DAKAR,BISCUITERIE,BISCUITERIE III
DAKAR,DAKAR,VILLE DE DAKAR,BISCUITERIE,BISCUITERIE KAYES
DAKAR,DAKAR,VILLE DE DAKAR,BISCUITERIE,BISCUITERIE MADIAMA
DAKAR,DAKAR,VILLE DE DAKAR,BISCUITERIE,BISCUITERIE TOUBA
DAKAR,DAKAR,VILLE DE DAKAR,BISCUITERIE,BISCUITERIE V (POTOU)
DAKAR,DAKAR,VILLE DE DAKAR,BISCUITERIE,BISCUITERIE VI (USINE PARC)
DAKAR,DAKAR,VILLE DE DAKAR,BISCUITERIE,BOPP
DAKAR,DAKAR,VILLE DE DAKAR,BISCUITERIE,CITE CHEIKH AHMADOU BAMBA
DAKAR,DAKAR,VILLE DE DAKAR,BISCUITERIE,CITE NDAR (OUAGOU NIAYES III)
DAKAR,DAKAR,VILLE DE DAKAR,BISCUITERIE,DJIDDAH NGUELAW
DAKAR,DAKAR,VILLE DE DAKAR,BISCUITERIE,GOUYE THIEURIGNE (CITE BISSAP)
DAKAR,DAKAR,VILLE DE DAKAR,BISCUITERIE,GRAND DAKAR X (NIARY TALLY)
DAKAR,DAKAR,VILLE DE DAKAR,BISCUITERIE,OUAGOU NIAYE I
DAKAR,DAKAR,VILLE DE DAKAR,BISCUITERIE,OUAGOU NIAYE II
DAKAR,DAKAR,VILLE DE DAKAR,BISCUITERIE,USINE BEN TALLY (BISCUITERIE IV MISTRA)
DAKAR,DAKAR,VILLE DE DAKAR,BISCUITERIE,ZONE INDUSTRIELLE
DAKAR,DAKAR,VILLE DE DAKAR,BISCUITERIE,BISCUITERIE II
DAKAR,DAKAR,VILLE DE DAKAR,BISCUITERIE,GRAND DAKAR XI
DAKAR,DAKAR,VILLE DE DAKAR,HLM,CITE DES EAUX
DAKAR,DAKAR,VILLE DE DAKAR,HLM,CITE DOUANES
DAKAR,DAKAR,VILLE DE DAKAR,HLM,CITE PORT
DAKAR,DAKAR,VILLE DE DAKAR,HLM,HLM ANGLE MOUSSE
DAKAR,DAKAR,VILLE DE DAKAR,HLM,HLM I
DAKAR,DAKAR,VILLE DE DAKAR,HLM,HLM II
DAKAR,DAKAR,VILLE DE DAKAR,HLM,HLM III
DAKAR,DAKAR,VILLE DE DAKAR,HLM,HLM IV A
DAKAR,DAKAR,VILLE DE DAKAR,HLM,HLM IV B
DAKAR,DAKAR,VILLE DE DAKAR,HLM,HLM IV C
DAKAR,DAKAR,VILLE DE DAKAR,HLM,HLM MONTAGNE (ZONE ARTISANALE N° IV)
DAKAR,DAKAR,VILLE DE DAKAR,HLM,HLM NIMZATT (HLM VI)
DAKAR,DAKAR,VILLE DE DAKAR,HLM,HLM V A
DAKAR,DAKAR,VILLE DE DAKAR,HLM,HLM V B
DAKAR,DAKAR,VILLE DE DAKAR,HANN BEL AIR,CITE BELLE VUE
DAKAR,DAKAR,VILLE DE DAKAR,HANN BEL AIR,CITE ELISABETH DIOUF
DAKAR,DAKAR,VILLE DE DAKAR,HANN BEL AIR,CITE ISRA
DAKAR,DAKAR,VILLE DE DAKAR,HANN BEL AIR,CITE KEUR YARAKH
DAKAR,DAKAR,VILLE DE DAKAR,HANN BEL AIR,CITE MARINAS
DAKAR,DAKAR,VILLE DE DAKAR,HANN BEL AIR,CITE SANDIAL
DAKAR,DAKAR,VILLE DE DAKAR,HANN BEL AIR,CITE SCAT URBAM MARISTE I
DAKAR,DAKAR,VILLE DE DAKAR,HANN BEL AIR,CITE SCAT URBAM MARISTE II
DAKAR,DAKAR,VILLE DE DAKAR,HANN BEL AIR,CITE SOME
DAKAR,DAKAR,VILLE DE DAKAR,HANN BEL AIR,FORD B
DAKAR,DAKAR,VILLE DE DAKAR,HANN BEL AIR,HANN EQUIPE
DAKAR,DAKAR,VILLE DE DAKAR,HANN BEL AIR,HANN GANGUI
DAKAR,DAKAR,VILLE DE DAKAR,HANN BEL AIR,HANN III
DAKAR,DAKAR,VILLE DE DAKAR,HANN BEL AIR,HANN MARIGOT II
DAKAR,DAKAR,VILLE DE DAKAR,HANN BEL AIR,HANN MARISTE
DAKAR,DAKAR,VILLE DE DAKAR,HANN BEL AIR,HANN MONTAGNE VI
DAKAR,DAKAR,VILLE DE DAKAR,HANN BEL AIR,HANN PARC I
DAKAR,DAKAR,VILLE DE DAKAR,HANN BEL AIR,HANN PARC II
DAKAR,DAKAR,VILLE DE DAKAR,HANN BEL AIR,HANN SANTHIE
DAKAR,DAKAR,VILLE DE DAKAR,HANN BEL AIR,HANN YENE
DAKAR,DAKAR,VILLE DE DAKAR,HANN BEL AIR,HLM HANN MARISTE
DAKAR,DAKAR,VILLE DE DAKAR,HANN BEL AIR,WALOGUI (HANN PLAGE)
DAKAR,DAKAR,VILLE DE DAKAR,HANN BEL AIR,HANN MONTAGNE V A
DAKAR,DAKAR,VILLE DE DAKAR,HANN BEL AIR,HANN MONTAGNE V B
DAKAR,DAKAR,VILLE DE DAKAR,HANN BEL AIR,HANN PECHEURS I
DAKAR,DAKAR,VILLE DE DAKAR,HANN BEL AIR,HANN PECHEURS  II
DAKAR,DAKAR,VILLE DE DAKAR,HANN BEL AIR,PORT
DAKAR,DAKAR,VILLE DE DAKAR,HANN BEL AIR,POTOU
DAKAR,DAKAR,VILLE DE DAKAR,SICAP LIBERTE,CITE BARAQUE
DAKAR,DAKAR,VILLE DE DAKAR,SICAP LIBERTE,LIBERTE I
DAKAR,DAKAR,VILLE DE DAKAR,SICAP LIBERTE,LIBERTE II
DAKAR,DAKAR,VILLE DE DAKAR,SICAP LIBERTE,LIBERTE III
DAKAR,DAKAR,VILLE DE DAKAR,SICAP LIBERTE,LIBERTE IV
DAKAR,DAKAR,VILLE DE DAKAR,SICAP LIBERTE,LIBERTE V
DAKAR,DAKAR,VILLE DE DAKAR,SICAP LIBERTE,LIBERTE VI
DAKAR,DAKAR,VILLE DE DAKAR,SICAP LIBERTE,LIBERTE VI EXTENSION
DAKAR,DAKAR,VILLE DE DAKAR,DIEUPPEUL DERKLE,CASTOR (CITE ELEVAGE)
DAKAR,DAKAR,VILLE DE DAKAR,DIEUPPEUL DERKLE,CASTOR (CITE MARINE)
DAKAR,DAKAR,VILLE DE DAKAR,DIEUPPEUL DERKLE,CASTOR I
DAKAR,DAKAR,VILLE DE DAKAR,DIEUPPEUL DERKLE,CASTOR II
DAKAR,DAKAR,VILLE DE DAKAR,DIEUPPEUL DERKLE,CITE CASTOR III (BOURGUIBA)
DAKAR,DAKAR,VILLE DE DAKAR,DIEUPPEUL DERKLE,CITE ASECNA ET CITE SOTRAC
DAKAR,DAKAR,VILLE DE DAKAR,DIEUPPEUL DERKLE,CITE GEOGRAPHIE
DAKAR,DAKAR,VILLE DE DAKAR,DIEUPPEUL DERKLE,CITE GRANDE IMPRIMERIE AFRICAINE
DAKAR,DAKAR,VILLE DE DAKAR,DIEUPPEUL DERKLE,CITE MINIERE
DAKAR,DAKAR,VILLE DE DAKAR,DIEUPPEUL DERKLE,CITE NOSOCO
DAKAR,DAKAR,VILLE DE DAKAR,DIEUPPEUL DERKLE,CITE ORSTOM
DAKAR,DAKAR,VILLE DE DAKAR,DIEUPPEUL DERKLE,CITE PTT
DAKAR,DAKAR,VILLE DE DAKAR,DIEUPPEUL DERKLE,DERKLE (CITE CREDIT FONCIER)
DAKAR,DAKAR,VILLE DE DAKAR,DIEUPPEUL DERKLE,DERKLE (GAZELLE SOBOA)
DAKAR,DAKAR,VILLE DE DAKAR,DIEUPPEUL DERKLE,DERKLE II (DAROU SALAM)
DAKAR,DAKAR,VILLE DE DAKAR,DIEUPPEUL DERKLE,DERKLE II (MAGARY)
DAKAR,DAKAR,VILLE DE DAKAR,DIEUPPEUL DERKLE,DERKLE II (NOTAIRE)
DAKAR,DAKAR,VILLE DE DAKAR,DIEUPPEUL DERKLE,DIEUPPEUL II (CITE PRESTATION FAMILIALE)
DAKAR,DAKAR,VILLE DE DAKAR,DIEUPPEUL DERKLE,SICAP DIEUPPEUL I
DAKAR,DAKAR,VILLE DE DAKAR,DIEUPPEUL DERKLE,SICAP DIEUPPEUL II
DAKAR,DAKAR,VILLE DE DAKAR,DIEUPPEUL DERKLE,SICAP DIEUPPEUL III
DAKAR,DAKAR,VILLE DE DAKAR,DIEUPPEUL DERKLE,SICAP DIEUPPEUL IV
DAKAR,DAKAR,VILLE DE DAKAR,DIEUPPEUL DERKLE,SICAP LIBERTE V B
DAKAR,DAKAR,VILLE DE DAKAR,DIEUPPEUL DERKLE,SICAP LIBERTE V C
DAKAR,DAKAR,VILLE DE DAKAR,OUAKAM,ANCIENNE PISTE
DAKAR,DAKAR,VILLE DE DAKAR,OUAKAM,BALLON
DAKAR,DAKAR,VILLE DE DAKAR,OUAKAM,BIRA OUAKAM (TOUBA OUAKAM)
DAKAR,DAKAR,VILLE DE DAKAR,OUAKAM,BOULGA
DAKAR,DAKAR,VILLE DE DAKAR,OUAKAM,CITE ASECNA
DAKAR,DAKAR,VILLE DE DAKAR,OUAKAM,CITE ASECNA III
DAKAR,DAKAR,VILLE DE DAKAR,OUAKAM,CITE ASSEMBLE NATIONALE
DAKAR,DAKAR,VILLE DE DAKAR,OUAKAM,CITE COMICO
DAKAR,DAKAR,VILLE DE DAKAR,OUAKAM,CITE COMMUNAUTE URBAINE
DAKAR,DAKAR,VILLE DE DAKAR,OUAKAM,CITE EL HADJI MALICK SY
DAKAR,DAKAR,VILLE DE DAKAR,OUAKAM,CITE ENSEIGNANT SUPERIEUR
DAKAR,DAKAR,VILLE DE DAKAR,OUAKAM,CITE URBANISME HABITAT
DAKAR,DAKAR,VILLE DE DAKAR,OUAKAM,GOUYE SOR
DAKAR,DAKAR,VILLE DE DAKAR,OUAKAM,LEONA
DAKAR,DAKAR,VILLE DE DAKAR,OUAKAM,MAMELLES AVIATION
DAKAR,DAKAR,VILLE DE DAKAR,OUAKAM,MBOUL
DAKAR,DAKAR,VILLE DE DAKAR,OUAKAM,MERINA (MERINA I)
DAKAR,DAKAR,VILLE DE DAKAR,OUAKAM,MERINA (MERINA II)
DAKAR,DAKAR,VILLE DE DAKAR,OUAKAM,MONTAGNE ROUGE
DAKAR,DAKAR,VILLE DE DAKAR,OUAKAM,OUAKAM CORNICHE
DAKAR,DAKAR,VILLE DE DAKAR,OUAKAM,RIP
DAKAR,DAKAR,VILLE DE DAKAR,OUAKAM,SACRE CŒUR III VDN
DAKAR,DAKAR,VILLE DE DAKAR,OUAKAM,SINTHIA
DAKAR,DAKAR,VILLE DE DAKAR,OUAKAM,SUD AFRICA
DAKAR,DAKAR,VILLE DE DAKAR,OUAKAM,TAGLOU
DAKAR,DAKAR,VILLE DE DAKAR,OUAKAM,TOUBA ALMADIES
DAKAR,DAKAR,VILLE DE DAKAR,OUAKAM,TOUBA OUAKAM II (CITE AVION)
DAKAR,DAKAR,VILLE DE DAKAR,OUAKAM,TOUBA RENAISSANCE
DAKAR,DAKAR,VILLE DE DAKAR,OUAKAM,ZONE DE L'AEROPORT
DAKAR,DAKAR,VILLE DE DAKAR,OUAKAM,BATRAIN
DAKAR,DAKAR,VILLE DE DAKAR,NGOR,ALMADIES EST
DAKAR,DAKAR,VILLE DE DAKAR,NGOR,ALMADIES OUEST
DAKAR,DAKAR,VILLE DE DAKAR,NGOR,GRAND NGOR
DAKAR,DAKAR,VILLE DE DAKAR,NGOR,ILE DE NGOR
DAKAR,DAKAR,VILLE DE DAKAR,NGOR,NDIONGORANE
DAKAR,DAKAR,VILLE DE DAKAR,NGOR,NGOR VIRAGE
DAKAR,DAKAR,VILLE DE DAKAR,NGOR,PETIT NGOR
DAKAR,DAKAR,VILLE DE DAKAR,NGOR,PETIT NGOR (RESIDENCE NORD)
DAKAR,DAKAR,VILLE DE DAKAR,NGOR,ZONE EXTENSION EST
DAKAR,DAKAR,VILLE DE DAKAR,NGOR,ZONE EXTENSION OUEST
DAKAR,DAKAR,VILLE DE DAKAR,NGOR,ALMADIES (STATION SHELL)
DAKAR,DAKAR,VILLE DE DAKAR,YOFF,CDE
DAKAR,DAKAR,VILLE DE DAKAR,YOFF,CITE A. EL. MAS
DAKAR,DAKAR,VILLE DE DAKAR,YOFF,CITE AIR AFRIQUE A
DAKAR,DAKAR,VILLE DE DAKAR,YOFF,CITE AIR AFRIQUE B
DAKAR,DAKAR,VILLE DE DAKAR,YOFF,CITE AIR FRANCE
DAKAR,DAKAR,VILLE DE DAKAR,YOFF,CITE AIR SENEGAL
DAKAR,DAKAR,VILLE DE DAKAR,YOFF,CITE ALIA DIENE
DAKAR,DAKAR,VILLE DE DAKAR,YOFF,CITE AMADOU DIOP
DAKAR,DAKAR,VILLE DE DAKAR,YOFF,CITE APECSY ECOLOGIQUE
DAKAR,DAKAR,VILLE DE DAKAR,YOFF,CITE APECSY I
DAKAR,DAKAR,VILLE DE DAKAR,YOFF,CITE APECSY II EST
DAKAR,DAKAR,VILLE DE DAKAR,YOFF,CITE APECSY II OUEST
DAKAR,DAKAR,VILLE DE DAKAR,YOFF,CITE APECSY III
DAKAR,DAKAR,VILLE DE DAKAR,YOFF,CITE ASECNA
DAKAR,DAKAR,VILLE DE DAKAR,YOFF,CITE ASECNA EXTENSION
DAKAR,DAKAR,VILLE DE DAKAR,YOFF,CITE AZUR I
DAKAR,DAKAR,VILLE DE DAKAR,YOFF,CITE AZUR II
DAKAR,DAKAR,VILLE DE DAKAR,YOFF,CITE AZUR III
DAKAR,DAKAR,VILLE DE DAKAR,YOFF,CITE BARA MBOUP
DAKAR,DAKAR,VILLE DE DAKAR,YOFF,CITE BCEAO I
DAKAR,DAKAR,VILLE DE DAKAR,YOFF,CITE BCEAO II
DAKAR,DAKAR,VILLE DE DAKAR,YOFF,CITE BCEAO OCEAN
DAKAR,DAKAR,VILLE DE DAKAR,YOFF,CITE BIAGUI
DAKAR,DAKAR,VILLE DE DAKAR,YOFF,CITE DAKAR MARINE
DAKAR,DAKAR,VILLE DE DAKAR,YOFF,CITE DIACKSAO
DAKAR,DAKAR,VILLE DE DAKAR,YOFF,CITE DJILY MBAYE
DAKAR,DAKAR,VILLE DE DAKAR,YOFF,CITE IBRAHIMA NIANG
DAKAR,DAKAR,VILLE DE DAKAR,YOFF,CITE LA POSTE (DIAMALAYE)
DAKAR,DAKAR,VILLE DE DAKAR,YOFF,CITE LOBATT FALL
DAKAR,DAKAR,VILLE DE DAKAR,YOFF,CITE LONASE
DAKAR,DAKAR,VILLE DE DAKAR,YOFF,CITE PALENE
DAKAR,DAKAR,VILLE DE DAKAR,YOFF,CITE POSTE
DAKAR,DAKAR,VILLE DE DAKAR,YOFF,CITE SAGEF
DAKAR,DAKAR,VILLE DE DAKAR,YOFF,CITE SODALO
DAKAR,DAKAR,VILLE DE DAKAR,YOFF,CITE SONATEL
DAKAR,DAKAR,VILLE DE DAKAR,YOFF,CITE SONATEL III
DAKAR,DAKAR,VILLE DE DAKAR,YOFF,CITE TOBAGO
DAKAR,DAKAR,VILLE DE DAKAR,YOFF,DAGOUDANE
DAKAR,DAKAR,VILLE DE DAKAR,YOFF,DIAMALAYE EXTENSION
DAKAR,DAKAR,VILLE DE DAKAR,YOFF,DIAMALAYE I
DAKAR,DAKAR,VILLE DE DAKAR,YOFF,DIAMALAYE II
DAKAR,DAKAR,VILLE DE DAKAR,YOFF,DIAMALAYE III
DAKAR,DAKAR,VILLE DE DAKAR,YOFF,LAYENE
DAKAR,DAKAR,VILLE DE DAKAR,YOFF,MAME RHANE
DAKAR,DAKAR,VILLE DE DAKAR,YOFF,NDENATE
DAKAR,DAKAR,VILLE DE DAKAR,YOFF,NDEUNGAGNE
DAKAR,DAKAR,VILLE DE DAKAR,YOFF,NGAPAROU
DAKAR,DAKAR,VILLE DE DAKAR,YOFF,SICAP LAYENE
DAKAR,DAKAR,VILLE DE DAKAR,YOFF,SIPRES IV
DAKAR,DAKAR,VILLE DE DAKAR,YOFF,TELECOM RESIDENCE
DAKAR,DAKAR,VILLE DE DAKAR,YOFF,TERME NORD TRAVAUX ET CADRES
DAKAR,DAKAR,VILLE DE DAKAR,YOFF,TONGHOR
DAKAR,DAKAR,VILLE DE DAKAR,YOFF,TOUNDEUP REYA
DAKAR,DAKAR,VILLE DE DAKAR,YOFF,YOFF EXTENSION
DAKAR,DAKAR,VILLE DE DAKAR,YOFF,YOFF MBENGUENE
DAKAR,DAKAR,VILLE DE DAKAR,YOFF,YOFF RAND RAR
DAKAR,DAKAR,VILLE DE DAKAR,YOFF,CITE LONASE II
DAKAR,DAKAR,VILLE DE DAKAR,MERMOZ SACRE COEUR,AMITIE III
DAKAR,DAKAR,VILLE DE DAKAR,MERMOZ SACRE COEUR,BAOBAB
DAKAR,DAKAR,VILLE DE DAKAR,MERMOZ SACRE COEUR,CITE IBA NDIAYE DIADJI
DAKAR,DAKAR,VILLE DE DAKAR,MERMOZ SACRE COEUR,KARACK
DAKAR,DAKAR,VILLE DE DAKAR,MERMOZ SACRE COEUR,MERMOZ 1ere PORTE
DAKAR,DAKAR,VILLE DE DAKAR,MERMOZ SACRE COEUR,MERMOZ 2EME PORTE
DAKAR,DAKAR,VILLE DE DAKAR,MERMOZ SACRE COEUR,MERMOZ PYROTECHNIQUE
DAKAR,DAKAR,VILLE DE DAKAR,MERMOZ SACRE COEUR,SACRE CŒUR I
DAKAR,DAKAR,VILLE DE DAKAR,MERMOZ SACRE COEUR,SACRE CŒUR II
DAKAR,DAKAR,VILLE DE DAKAR,MERMOZ SACRE COEUR,SACRE CŒUR III PYROTECHNIQUE
DAKAR,DAKAR,VILLE DE DAKAR,MERMOZ SACRE COEUR,TERANGA
DAKAR,DAKAR,VILLE DE DAKAR,MERMOZ SACRE COEUR,FENETRE MERMOZ
DAKAR,DAKAR,VILLE DE DAKAR,MERMOZ SACRE COEUR,SACRE CŒUR III
DAKAR,DAKAR,VILLE DE DAKAR,GRAND YOFF,BAGDAD
DAKAR,DAKAR,VILLE DE DAKAR,GRAND YOFF,CAMP SEKOU MBALLO (LIBERTE VI EXTENSION)
DAKAR,DAKAR,VILLE DE DAKAR,GRAND YOFF,CICES EST
DAKAR,DAKAR,VILLE DE DAKAR,GRAND YOFF,CITE BASTOS I
DAKAR,DAKAR,VILLE DE DAKAR,GRAND YOFF,CITE BASTOS II
DAKAR,DAKAR,VILLE DE DAKAR,GRAND YOFF,CITE CPI
DAKAR,DAKAR,VILLE DE DAKAR,GRAND YOFF,CITE FOIRE MAGISTRAT
DAKAR,DAKAR,VILLE DE DAKAR,GRAND YOFF,CITE KERETOU
DAKAR,DAKAR,VILLE DE DAKAR,GRAND YOFF,CITE MILLIONNAIRE
DAKAR,DAKAR,VILLE DE DAKAR,GRAND YOFF,CITE SIPRES I
DAKAR,DAKAR,VILLE DE DAKAR,GRAND YOFF,CITE SIPRES II SICA
DAKAR,DAKAR,VILLE DE DAKAR,GRAND YOFF,DAROU RAHMANE I
DAKAR,DAKAR,VILLE DE DAKAR,GRAND YOFF,DAROU RAHMANE II
DAKAR,DAKAR,VILLE DE DAKAR,GRAND YOFF,DAROU RAKHMANE III
DAKAR,DAKAR,VILLE DE DAKAR,GRAND YOFF,DAROU SALAM I
DAKAR,DAKAR,VILLE DE DAKAR,GRAND YOFF,DAROU SALAM II
DAKAR,DAKAR,VILLE DE DAKAR,GRAND YOFF,DAROU SALAM III
DAKAR,DAKAR,VILLE DE DAKAR,GRAND YOFF,DAROU SANTHIE
DAKAR,DAKAR,VILLE DE DAKAR,GRAND YOFF,GAZELLE I
DAKAR,DAKAR,VILLE DE DAKAR,GRAND YOFF,GRAND YOFF LEONA
DAKAR,DAKAR,VILLE DE DAKAR,GRAND YOFF,HAMO GRAND YOFF
DAKAR,DAKAR,VILLE DE DAKAR,GRAND YOFF,HLM GRAND YOFF
DAKAR,DAKAR,VILLE DE DAKAR,GRAND YOFF,HLM GRAND YOFF I
DAKAR,DAKAR,VILLE DE DAKAR,GRAND YOFF,HLM GRAND YOFF II
DAKAR,DAKAR,VILLE DE DAKAR,GRAND YOFF,HLM GRAND YOFF II (CITE ASSANE DIOP)
DAKAR,DAKAR,VILLE DE DAKAR,GRAND YOFF,HLM GRAND YOFF III
DAKAR,DAKAR,VILLE DE DAKAR,GRAND YOFF,HLM PATTE D'OIE
DAKAR,DAKAR,VILLE DE DAKAR,GRAND YOFF,HLM SHELTER I
DAKAR,DAKAR,VILLE DE DAKAR,GRAND YOFF,HLM SHELTER II
DAKAR,DAKAR,VILLE DE DAKAR,GRAND YOFF,KHAR YALLA (CITE TELE)
DAKAR,DAKAR,VILLE DE DAKAR,GRAND YOFF,KHAR YALLA II
DAKAR,DAKAR,VILLE DE DAKAR,GRAND YOFF,MAKA I
DAKAR,DAKAR,VILLE DE DAKAR,GRAND YOFF,MAKA II
DAKAR,DAKAR,VILLE DE DAKAR,GRAND YOFF,MAKA III
DAKAR,DAKAR,VILLE DE DAKAR,GRAND YOFF,MISSIRAH
DAKAR,DAKAR,VILLE DE DAKAR,GRAND YOFF,SANTHIABA
DAKAR,DAKAR,VILLE DE DAKAR,GRAND YOFF,SCAT URBAM (CITE CONACHAP)
DAKAR,DAKAR,VILLE DE DAKAR,GRAND YOFF,SCAT URBAM (CITE FOUGEROLLE)
DAKAR,DAKAR,VILLE DE DAKAR,GRAND YOFF,SCAT URBAM (CITE KEUR KHADIM I)
DAKAR,DAKAR,VILLE DE DAKAR,GRAND YOFF,SCAT URBAM (CITE KEUR KHADIM II)
DAKAR,DAKAR,VILLE DE DAKAR,GRAND YOFF,SCAT URBAM (ILOT A)
DAKAR,DAKAR,VILLE DE DAKAR,GRAND YOFF,SCAT URBAM (ILOT B)
DAKAR,DAKAR,VILLE DE DAKAR,GRAND YOFF,SCAT URBAM (ILOT C)
DAKAR,DAKAR,VILLE DE DAKAR,GRAND YOFF,SCAT URBAM (ILOT D)
DAKAR,DAKAR,VILLE DE DAKAR,GRAND YOFF,SCAT URBAM (ILOT E)
DAKAR,DAKAR,VILLE DE DAKAR,GRAND YOFF,SCAT URBAM (ILOT F)
DAKAR,DAKAR,VILLE DE DAKAR,GRAND YOFF,SCAT URBAM (ILOT G)
DAKAR,DAKAR,VILLE DE DAKAR,GRAND YOFF,SCAT URBAM (ILOT H)
DAKAR,DAKAR,VILLE DE DAKAR,GRAND YOFF,SCAT URBAM (ILOT M)
DAKAR,DAKAR,VILLE DE DAKAR,GRAND YOFF,SCAT URBAM (ILOT N)
DAKAR,DAKAR,VILLE DE DAKAR,GRAND YOFF,SCAT URBAM ARAFAT
DAKAR,DAKAR,VILLE DE DAKAR,GRAND YOFF,SHELTER (ZONE COMMERCIALE)
DAKAR,DAKAR,VILLE DE DAKAR,GRAND YOFF,SICAP FOIRE
DAKAR,DAKAR,VILLE DE DAKAR,GRAND YOFF,SUD FOIRE (CITE CSE)
DAKAR,DAKAR,VILLE DE DAKAR,GRAND YOFF,SUD FOIRE (CITE LIBASSE NIANG)
DAKAR,DAKAR,VILLE DE DAKAR,GRAND YOFF,SUD FOIRE (CITE OUSMANE DIOP)
DAKAR,DAKAR,VILLE DE DAKAR,GRAND YOFF,SUD FOIRE (CITE SONATEL I)
DAKAR,DAKAR,VILLE DE DAKAR,GRAND YOFF,SUD FOIRE (CITE SONATEL II)
DAKAR,DAKAR,VILLE DE DAKAR,GRAND YOFF,SUD FOIRE (CITE SONATEL III)
DAKAR,DAKAR,VILLE DE DAKAR,GRAND YOFF,TAIBA I
DAKAR,DAKAR,VILLE DE DAKAR,GRAND YOFF,TAIBA II
DAKAR,DAKAR,VILLE DE DAKAR,GRAND YOFF,TAIBA III
DAKAR,DAKAR,VILLE DE DAKAR,GRAND YOFF,TAIBA IV
DAKAR,DAKAR,VILLE DE DAKAR,GRAND YOFF,ZONE DE CAPTAGE
DAKAR,DAKAR,VILLE DE DAKAR,GRAND YOFF,ARAFAT B BIS
DAKAR,DAKAR,VILLE DE DAKAR,GRAND YOFF,ARAFAT I A
DAKAR,DAKAR,VILLE DE DAKAR,GRAND YOFF,ARAFAT I B
DAKAR,DAKAR,VILLE DE DAKAR,GRAND YOFF,ARAFAT II
DAKAR,DAKAR,VILLE DE DAKAR,GRAND YOFF,ARAFAT III
DAKAR,DAKAR,VILLE DE DAKAR,GRAND YOFF,ARAFAT THIOSSANE
DAKAR,DAKAR,VILLE DE DAKAR,GRAND YOFF,ARAFAT V
DAKAR,DAKAR,VILLE DE DAKAR,GRAND YOFF,ARAFAT VI
DAKAR,DAKAR,VILLE DE DAKAR,GRAND YOFF,DJIEDDAH I
DAKAR,DAKAR,VILLE DE DAKAR,GRAND YOFF,DJIEDDAH II
DAKAR,DAKAR,VILLE DE DAKAR,GRAND YOFF,DJIEDDAH III
DAKAR,DAKAR,VILLE DE DAKAR,GRAND YOFF,KHAR YALLA I
DAKAR,DAKAR,VILLE DE DAKAR,GRAND YOFF,TOUBA ARAFAT
DAKAR,DAKAR,VILLE DE DAKAR,PATTE D'OIE,CITE BCEAO
DAKAR,DAKAR,VILLE DE DAKAR,PATTE D'OIE,CITE EL AMAL
DAKAR,DAKAR,VILLE DE DAKAR,PATTE D'OIE,CITE IMPOTS ET DOMAINES
DAKAR,DAKAR,VILLE DE DAKAR,PATTE D'OIE,CITE KEUR DAMEL
DAKAR,DAKAR,VILLE DE DAKAR,PATTE D'OIE,CITE LEOPOLD SEDAR SENGHOR
DAKAR,DAKAR,VILLE DE DAKAR,PATTE D'OIE,CITE MIXTA
DAKAR,DAKAR,VILLE DE DAKAR,PATTE D'OIE,CITE SOPRIM
DAKAR,DAKAR,VILLE DE DAKAR,PATTE D'OIE,CITE SOPRIM EXTENSION
DAKAR,DAKAR,VILLE DE DAKAR,PATTE D'OIE,PATTE D'OIE BUILDERS
DAKAR,DAKAR,VILLE DE DAKAR,PATTE D'OIE,CITE ARTP
DAKAR,DAKAR,VILLE DE DAKAR,PATTE D'OIE,CITE ATAYA
DAKAR,DAKAR,VILLE DE DAKAR,PATTE D'OIE,CITE MAGISTRAT
DAKAR,DAKAR,VILLE DE DAKAR,PATTE D'OIE,CITE SONATEL
DAKAR,DAKAR,VILLE DE DAKAR,PATTE D'OIE,GRAND MEDINE 1
DAKAR,DAKAR,VILLE DE DAKAR,PATTE D'OIE,GRAND MEDINE 2
DAKAR,DAKAR,VILLE DE DAKAR,PATTE D'OIE,GRAND MEDINE 3
DAKAR,DAKAR,VILLE DE DAKAR,PATTE D'OIE,GRAND MEDINE 4
DAKAR,DAKAR,VILLE DE DAKAR,PATTE D'OIE,GRAND MEDINE 5
DAKAR,DAKAR,VILLE DE DAKAR,PATTE D'OIE,GRAND MEDINE 6
DAKAR,DAKAR,VILLE DE DAKAR,PATTE D'OIE,GRAND MEDINE 7
DAKAR,DAKAR,VILLE DE DAKAR,PARCELLES ASSAINIES,HLM GRAND MEDINE (UNITE 23)
DAKAR,DAKAR,VILLE DE DAKAR,PARCELLES ASSAINIES,UNITE 9
DAKAR,DAKAR,VILLE DE DAKAR,PARCELLES ASSAINIES,UNITE 7
DAKAR,DAKAR,VILLE DE DAKAR,PARCELLES ASSAINIES,UNITE 8
DAKAR,DAKAR,VILLE DE DAKAR,PARCELLES ASSAINIES,UNITE 10
DAKAR,DAKAR,VILLE DE DAKAR,PARCELLES ASSAINIES,UNITE 11
DAKAR,DAKAR,VILLE DE DAKAR,PARCELLES ASSAINIES,UNITE 12
DAKAR,DAKAR,VILLE DE DAKAR,PARCELLES ASSAINIES,UNITE 13
DAKAR,DAKAR,VILLE DE DAKAR,PARCELLES ASSAINIES,UNITE 14
DAKAR,DAKAR,VILLE DE DAKAR,PARCELLES ASSAINIES,UNITE 19
DAKAR,DAKAR,VILLE DE DAKAR,PARCELLES ASSAINIES,UNITE 15
DAKAR,DAKAR,VILLE DE DAKAR,PARCELLES ASSAINIES,UNITE 16
DAKAR,DAKAR,VILLE DE DAKAR,PARCELLES ASSAINIES,UNITE 17
DAKAR,DAKAR,VILLE DE DAKAR,PARCELLES ASSAINIES,UNITE 18
DAKAR,DAKAR,VILLE DE DAKAR,PARCELLES ASSAINIES,UNITE 20
DAKAR,DAKAR,VILLE DE DAKAR,PARCELLES ASSAINIES,UNITE 21
DAKAR,DAKAR,VILLE DE DAKAR,PARCELLES ASSAINIES,UNITE 22
DAKAR,DAKAR,VILLE DE DAKAR,PARCELLES ASSAINIES,UNITE 24
DAKAR,DAKAR,VILLE DE DAKAR,PARCELLES ASSAINIES,UNITE 25
DAKAR,DAKAR,VILLE DE DAKAR,PARCELLES ASSAINIES,UNITE 26
DAKAR,DAKAR,VILLE DE DAKAR,CAMBERENE,CAMBERENE II A
DAKAR,DAKAR,VILLE DE DAKAR,CAMBERENE,CAMBERENE II B
DAKAR,DAKAR,VILLE DE DAKAR,CAMBERENE,CAMBERENE II C
DAKAR,DAKAR,VILLE DE DAKAR,CAMBERENE,CAYOR
DAKAR,DAKAR,VILLE DE DAKAR,CAMBERENE,CITE DES NATIONS UNIES
DAKAR,DAKAR,VILLE DE DAKAR,CAMBERENE,DEGGO
DAKAR,DAKAR,VILLE DE DAKAR,CAMBERENE,DIAMAGUENE
DAKAR,DAKAR,VILLE DE DAKAR,CAMBERENE,ISLAM
DAKAR,DAKAR,VILLE DE DAKAR,CAMBERENE,ISLAM EXTENSION
DAKAR,DAKAR,VILLE DE DAKAR,CAMBERENE,KAWSARA
DAKAR,DAKAR,VILLE DE DAKAR,CAMBERENE,KEUR GOUMACK
DAKAR,DAKAR,VILLE DE DAKAR,CAMBERENE,MBANE
DAKAR,DAKAR,VILLE DE DAKAR,CAMBERENE,MEDINA
DAKAR,DAKAR,VILLE DE DAKAR,CAMBERENE,PEULGA
DAKAR,DAKAR,VILLE DE DAKAR,CAMBERENE,THIOKHOLANE
DIOURBEL,DIOURBEL,NDOULO,NDOULO,DAKAR MBAYARD 1
DIOURBEL,DIOURBEL,NDOULO,NDOULO,DAKAR MBAYARD 2
TAMBACOUNDA,TAMBACOUNDA,MAKACOLIBANTANG,NDOGA BABACAR,PENDAKARE PEULH
THIES,THIES,VILLE DE THIES,THIES OUEST,HLM ROUTE DE DAKAR
THIES,THIES,VILLE DE THIES,THIES OUEST,ROUTE DE DAKAR 2
THIES,THIES,VILLE DE THIES,THIES OUEST,ROUTE DE DAKAR 1
SEDHIOU,SEDHIOU,MARSASSOUM,MARSASSOUM,GRAND DAKAR
SEDHIOU,BOUNKILING,BOUNKILING,BOUNKILING,GRAND DAKAR
SEDHIOU,GOUDOMP,KARANTABA,KARANTABA,SINTHIANG DAKAR
ZIGUINCHOR,BIGNONA,KATABA I,KATABA I,TAMBACOUNDA
ZIGUINCHOR,ZIGUINCHOR,NIAGUIS,ADEANE,TAMBACOUNDA
TAMBACOUNDA,TAMBACOUNDA,COM. TAMBACOUNDA,COM. TAMBACOUNDA,ABATTOIRS
TAMBACOUNDA,TAMBACOUNDA,COM. TAMBACOUNDA,COM. TAMBACOUNDA,ABATTOIRS COMPLEMENT
TAMBACOUNDA,TAMBACOUNDA,COM. TAMBACOUNDA,COM. TAMBACOUNDA,AFFIA
TAMBACOUNDA,TAMBACOUNDA,COM. TAMBACOUNDA,COM. TAMBACOUNDA,BOUCAR COUNDA
TAMBACOUNDA,TAMBACOUNDA,COM. TAMBACOUNDA,COM. TAMBACOUNDA,CAMP NAVETANE
TAMBACOUNDA,TAMBACOUNDA,COM. TAMBACOUNDA,COM. TAMBACOUNDA,DAROU SALAM
TAMBACOUNDA,TAMBACOUNDA,COM. TAMBACOUNDA,COM. TAMBACOUNDA,DAROULAYE
TAMBACOUNDA,TAMBACOUNDA,COM. TAMBACOUNDA,COM. TAMBACOUNDA,DAYBATOU
TAMBACOUNDA,TAMBACOUNDA,COM. TAMBACOUNDA,COM. TAMBACOUNDA,DEPOT
TAMBACOUNDA,TAMBACOUNDA,COM. TAMBACOUNDA,COM. TAMBACOUNDA,DIALLO BOUGOU
TAMBACOUNDA,TAMBACOUNDA,COM. TAMBACOUNDA,COM. TAMBACOUNDA,DIAMWELI I (SARE SILLY)
TAMBACOUNDA,TAMBACOUNDA,COM. TAMBACOUNDA,COM. TAMBACOUNDA,DIAMWELI II
TAMBACOUNDA,TAMBACOUNDA,COM. TAMBACOUNDA,COM. TAMBACOUNDA,GOUREL AMATH SOW
TAMBACOUNDA,TAMBACOUNDA,COM. TAMBACOUNDA,COM. TAMBACOUNDA,GOUREL BARRY
TAMBACOUNDA,TAMBACOUNDA,COM. TAMBACOUNDA,COM. TAMBACOUNDA,GOUREL DIADIE
TAMBACOUNDA,TAMBACOUNDA,COM. TAMBACOUNDA,COM. TAMBACOUNDA,GOUYE
TAMBACOUNDA,TAMBACOUNDA,COM. TAMBACOUNDA,COM. TAMBACOUNDA,KANDECOUNDA
TAMBACOUNDA,TAMBACOUNDA,COM. TAMBACOUNDA,COM. TAMBACOUNDA,KANDERY
TAMBACOUNDA,TAMBACOUNDA,COM. TAMBACOUNDA,COM. TAMBACOUNDA,KOTHIARINDING
TAMBACOUNDA,TAMBACOUNDA,COM. TAMBACOUNDA,COM. TAMBACOUNDA,LABA BOUGOU
TAMBACOUNDA,TAMBACOUNDA,COM. TAMBACOUNDA,COM. TAMBACOUNDA,LIBERTE
TAMBACOUNDA,TAMBACOUNDA,COM. TAMBACOUNDA,COM. TAMBACOUNDA,LIBERTE EST
TAMBACOUNDA,TAMBACOUNDA,COM. TAMBACOUNDA,COM. TAMBACOUNDA,MEDINA COURA OUEST
TAMBACOUNDA,TAMBACOUNDA,COM. TAMBACOUNDA,COM. TAMBACOUNDA,PLATEAU
TAMBACOUNDA,TAMBACOUNDA,COM. TAMBACOUNDA,COM. TAMBACOUNDA,PONT I
TAMBACOUNDA,TAMBACOUNDA,COM. TAMBACOUNDA,COM. TAMBACOUNDA,PONT II
TAMBACOUNDA,TAMBACOUNDA,COM. TAMBACOUNDA,COM. TAMBACOUNDA,QUINZAMBOUGOU
TAMBACOUNDA,TAMBACOUNDA,COM. TAMBACOUNDA,COM. TAMBACOUNDA,SARE GUILEL
TAMBACOUNDA,TAMBACOUNDA,COM. TAMBACOUNDA,COM. TAMBACOUNDA,SARE ISSA
TAMBACOUNDA,TAMBACOUNDA,COM. TAMBACOUNDA,COM. TAMBACOUNDA,SARE MOUDOU (GOUREL MODOU)
TAMBACOUNDA,TAMBACOUNDA,COM. TAMBACOUNDA,COM. TAMBACOUNDA,TAMBA SOCE I
TAMBACOUNDA,TAMBACOUNDA,MISSIRAH,DIALACOTO,TAMBACOUNDA BOULOU
SEDHIOU,SEDHIOU,DJIBABOUYA,SANSAMBA,H1 DIOGNERE TAMBACOUNDA
SEDHIOU,SEDHIOU,DJIBABOUYA,DJIBABOUYA,H1 TAMBACOUNDA
SEDHIOU,BOUNKILING,BONA,KANDION MANGANA,TAMBACOUNDA
KOLDA,SEDHIOU,BOUNKILING,BOUNKILING,TAMBACOUNDA
KOLDA,SEDHIOU,MARSASSOUM,MARSASSOUM,tambacounda
TAMBACOUNDA,TAMBACOUNDA,TAMBACOUNDA,TAMBACOUNDA,ABATTOIRS
TAMBACOUNDA,TAMBACOUNDA,TAMBACOUNDA,TAMBACOUNDA,CAP NAVETANE
TAMBACOUNDA,TAMBACOUNDA,TAMBACOUNDA,TAMBACOUNDA,DEPOT
TAMBACOUNDA,TAMBACOUNDA,TAMBACOUNDA,TAMBACOUNDA,GOUREL DIADIA
TAMBACOUNDA,TAMBACOUNDA,TAMBACOUNDA,TAMBACOUNDA,LIBERTE
TAMBACOUNDA,TAMBACOUNDA,TAMBACOUNDA,TAMBACOUNDA,MEDINA COURA
TAMBACOUNDA,TAMBACOUNDA,TAMBACOUNDA,TAMBACOUNDA,PLATEAU
TAMBACOUNDA,TAMBACOUNDA,TAMBACOUNDA,TAMBACOUNDA,PONT
ZIGUINCHOR,BIGNONA,ARRONDISSEMENT DE DIOULOULOU,DIOULOULOU,TAMBACOUNDA
ZIGUINCHOR,BIGNONA,ARRONDISSEMENT DE SINDIAN,DJIBDIONE,TAMBACOUNDA
ZIGUINCHOR,ZIGUINCHOR,ARRONDISSEMENT DE NIAGUIS,ADEANE,TAMBACOUNDA
ZIGUINCHOR,BIGNONA,KATABA 1,KATABA 1,TAMBACOUNDA
TAMBACOUNDA,TAMBACOUNDA,TAMBACOUNDA,TAMBACOUNDA,ABATTOIRS
TAMBACOUNDA,TAMBACOUNDA,TAMBACOUNDA,TAMBACOUNDA,ABATTOIRS COMPLEMENT
TAMBACOUNDA,TAMBACOUNDA,TAMBACOUNDA,TAMBACOUNDA,AFFIA
TAMBACOUNDA,TAMBACOUNDA,TAMBACOUNDA,TAMBACOUNDA,BOUCAR COUNDA
TAMBACOUNDA,TAMBACOUNDA,TAMBACOUNDA,TAMBACOUNDA,CAMP NAVETANE
TAMBACOUNDA,TAMBACOUNDA,TAMBACOUNDA,TAMBACOUNDA,DAROU SALAM
TAMBACOUNDA,TAMBACOUNDA,TAMBACOUNDA,TAMBACOUNDA,DAROULAYE
TAMBACOUNDA,TAMBACOUNDA,TAMBACOUNDA,TAMBACOUNDA,DAYBATOU
TAMBACOUNDA,TAMBACOUNDA,TAMBACOUNDA,TAMBACOUNDA,DEPOT
TAMBACOUNDA,TAMBACOUNDA,TAMBACOUNDA,TAMBACOUNDA,DIALLO BOUGOU
TAMBACOUNDA,TAMBACOUNDA,TAMBACOUNDA,TAMBACOUNDA,DIAMWELI 1 (SARE SILLY)
TAMBACOUNDA,TAMBACOUNDA,TAMBACOUNDA,TAMBACOUNDA,DIAMWELI 2
TAMBACOUNDA,TAMBACOUNDA,TAMBACOUNDA,TAMBACOUNDA,GOUREL AMATH SOW
TAMBACOUNDA,TAMBACOUNDA,TAMBACOUNDA,TAMBACOUNDA,GOUREL BARRY
TAMBACOUNDA,TAMBACOUNDA,TAMBACOUNDA,TAMBACOUNDA,GOUREL DIADIE
TAMBACOUNDA,TAMBACOUNDA,TAMBACOUNDA,TAMBACOUNDA,GOUYE
TAMBACOUNDA,TAMBACOUNDA,TAMBACOUNDA,TAMBACOUNDA,KANDECOUNDA
TAMBACOUNDA,TAMBACOUNDA,TAMBACOUNDA,TAMBACOUNDA,KANDERY
TAMBACOUNDA,TAMBACOUNDA,TAMBACOUNDA,TAMBACOUNDA,KOTHIARINDING
TAMBACOUNDA,TAMBACOUNDA,TAMBACOUNDA,TAMBACOUNDA,LABA BOUGOU
TAMBACOUNDA,TAMBACOUNDA,TAMBACOUNDA,TAMBACOUNDA,LIBERTE
TAMBACOUNDA,TAMBACOUNDA,TAMBACOUNDA,TAMBACOUNDA,LIBERTE EST
TAMBACOUNDA,TAMBACOUNDA,TAMBACOUNDA,TAMBACOUNDA,MEDINA COURA OUEST
TAMBACOUNDA,TAMBACOUNDA,TAMBACOUNDA,TAMBACOUNDA,PLATEAU
TAMBACOUNDA,TAMBACOUNDA,TAMBACOUNDA,TAMBACOUNDA,PONT 1
TAMBACOUNDA,TAMBACOUNDA,TAMBACOUNDA,TAMBACOUNDA,PONT 2
TAMBACOUNDA,TAMBACOUNDA,TAMBACOUNDA,TAMBACOUNDA,QUINZAMBOUGOU
TAMBACOUNDA,TAMBACOUNDA,TAMBACOUNDA,TAMBACOUNDA,SARE GUILEL
TAMBACOUNDA,TAMBACOUNDA,TAMBACOUNDA,TAMBACOUNDA,SARE ISSA
TAMBACOUNDA,TAMBACOUNDA,TAMBACOUNDA,TAMBACOUNDA,SARE MOUDOU (GOUREL MODOU)
TAMBACOUNDA,TAMBACOUNDA,TAMBACOUNDA,TAMBACOUNDA,TAMBA SOCE 1
TAMBACOUNDA,TAMBACOUNDA,TAMBACOUNDA,TAMBACOUNDA,PONT 3
TAMBACOUNDA,TAMBACOUNDA,MISSIRAH,DIALACOTO,TAMBACOUNDA BOULOU
SEDHIOU,SEDHIOU,DJIBABOUYA,SAN SAMBA,H1 DIOGNERE TAMBACOUNDA
SEDHIOU,SEDHIOU,DJIBABOUYA,DJIBABOUYA,H1 TAMBACOUNDA
SEDHIOU,BOUNKILING,BONA,KANDION MANGANA,TAMBACOUNDA

